DistrictName,SchoolName,CountyCode,DistrictKey,SiteCode,FullCode
PEAVINE,PEAVINE PUBLIC SCHOOL,1,C019,105,01C019105
MARYETTA,MARYETTA PUBLIC SCHOOL,1,C022,105,01C022105
ROCKY MOUNTAIN,ROCKY MOUNTAIN PUBLIC SCHOOL,1,C024,105,01C024105
ZION,ZION PUBLIC SCHOOL,1,C028,105,01C028105
DAHLONEGAH,DAHLONEGAH PUBLIC SCHOOL,1,C029,105,01C029105
GREASY,GREASY PUBLIC SCHOOL,1,C032,105,01C032105
WATTS,WATTS ES,1,I004,105,01I004105
WATTS,WATTS HS,1,I004,705,01I004705
WESTVILLE,WESTVILLE ES,1,I011,105,01I011105
Westville,Westville Skelly ES,1,I011,205,01I011205
WESTVILLE,WESTVILLE JHS,1,I011,610,01I011610
WESTVILLE,WESTVILLE HS,1,I011,705,01I011705
STILWELL,STILWELL ES,1,I025,105,01I025105
STILWELL,STILWELL MS,1,I025,505,01I025505
STILWELL,STILWELL HS,1,I025,705,01I025705
CAVE SPRINGS,CAVE SPRINGS ES,1,I030,105,01I030105
CAVE SPRINGS,CAVE SPRINGS MS,1,I030,505,01I030505
CAVE SPRINGS,CAVE SPRINGS HS,1,I030,705,01I030705
BURLINGTON,BURLINGTON ES,2,I001,105,02I001105
BURLINGTON,BURLINGTON HS,2,I001,705,02I001705
CHEROKEE,CHEROKEE ES,2,I046,105,02I046105
CHEROKEE,CHEROKEE MS,2,I046,510,02I046510
CHEROKEE,CHEROKEE HS,2,I046,705,02I046705
TIMBERLAKE,TIMBERLAKE ES,2,I093,105,02I093105
TIMBERLAKE,TIMBERLAKE HS,2,I093,705,02I093705
HARMONY,HARMONY PUBLIC SCHOOL,3,C021,105,03C021105
LANE,LANE PUBLIC SCHOOL,3,C022,105,03C022105
STRINGTOWN,STRINGTOWN ES,3,I007,105,03I007105
STRINGTOWN,STRINGTOWN HS,3,I007,705,03I007705
ATOKA,ATOKA ES,3,I015,120,03I015120
ATOKA,MCCALL MS,3,I015,505,03I015505
ATOKA,ATOKA HS,3,I015,705,03I015705
TUSHKA,TUSHKA ES,3,I019,105,03I019105
TUSHKA,TUSHKA HS,3,I019,705,03I019705
CANEY,CANEY ES,3,I026,105,03I026105
CANEY,CANEY HS,3,I026,705,03I026705
BEAVER,BEAVER ES,4,I022,105,04I022105
BEAVER,BEAVER HS,4,I022,705,04I022705
BALKO,BALKO ES,4,I075,105,04I075105
BALKO,BALKO HS,4,I075,705,04I075705
FORGAN,FORGAN ES,4,I123,105,04I123105
FORGAN,FORGAN HS,4,I123,705,04I123705
TURPIN,TURPIN ES,4,I128,105,04I128105
TURPIN,TURPIN HS,4,I128,705,04I128705
MERRITT,MERRITT ES,5,I002,105,05I002105
MERRITT,MERRITT HS,5,I002,705,05I002705
ELK CITY,FAIRVIEW ES,5,I006,105,05I006105
ELK CITY,PIONEER ES,5,I006,110,05I006110
ELK CITY,GRANDVIEW 5TH/6TH GRADE CTR,5,I006,115,05I006115
ELK CITY,NORTHEAST ES,5,I006,120,05I006120
ELK CITY,8TH AND 9TH GRADE CTR,5,I006,610,05I006610
ELK CITY,ELK CITY HS,5,I006,705,05I006705
SAYRE,SAYRE ES,5,I031,105,05I031105
SAYRE,SAYRE MS,5,I031,505,05I031505
SAYRE,SAYRE HS,5,I031,705,05I031705
ERICK,ERICK ES,5,I051,105,05I051105
ERICK,ERICK HS,5,I051,715,05I051715
OKEENE,OKEENE ES,6,I009,105,06I009105
OKEENE,OKEENE JR-SR HS (JR),6,I009,615,06I009615
OKEENE,OKEENE JR-SR HS (SR),6,I009,715,06I009715
WATONGA,WATONGA ES,6,I042,105,06I042105
WATONGA,WATONGA MS,6,I042,505,06I042505
WATONGA,WATONGA HS,6,I042,705,06I042705
GEARY,GEARY ES,6,I080,105,06I080105
GEARY,GEARY MS,6,I080,500,06I080500
Geary,Geary JHS,6,I080,615,06I080615
GEARY,GEARY HS,6,I080,715,06I080715
CANTON,CANTON ES,6,I105,105,06I105105
CANTON,CANTON HS,6,I105,705,06I105705
SILO,SILO ES,7,I001,110,07I001110
SILO,SILO MS,7,I001,515,07I001515
SILO,SILO JHS,7,I001,610,07I001610
SILO,SILO HS,7,I001,705,07I001705
ROCK CREEK,ROCK CREEK ES,7,I002,105,07I002105
ROCK CREEK,ROCK CREEK HS,7,I002,705,07I002705
ACHILLE,ACHILLE ES,7,I003,105,07I003105
ACHILLE,ACHILLE HS,7,I003,705,07I003705
COLBERT,WARD ES EAST,7,I004,105,07I004105
COLBERT,WARD ES WEST,7,I004,110,07I004110
COLBERT,COLBERT MS,7,I004,505,07I004505
COLBERT,COLBERT HS,7,I004,715,07I004715
CADDO,CADDO ES,7,I005,105,07I005105
CADDO,CADDO HS,7,I005,715,07I005715
BENNINGTON,BENNINGTON ES,7,I040,105,07I040105
BENNINGTON,BENNINGTON HS,7,I040,705,07I040705
CALERA,CALERA ES,7,I048,105,07I048105
CALERA,CALERA HS,7,I048,705,07I048705
DURANT,WASHINGTON IRVING ES,7,I072,105,07I072105
DURANT,ROBERT E. LEE ES,7,I072,110,07I072110
Durant,Robert E.Lee ES,7,I072,110,07I072110
DURANT,NORTHWEST HEIGHTS ES,7,I072,115,07I072115
DURANT,DURANT INTERMEDIATE ES,7,I072,125,07I072125
DURANT,DURANT MS,7,I072,500,07I072500
DURANT,DURANT HS,7,I072,705,07I072705
HYDRO-EAKLY,HYDRO-EAKLY ES,8,I011,105,08I011105
HYDRO-EAKLY,HYDRO-EAKLY MS,8,I011,505,08I011505
HYDRO-EAKLY,HYDRO-EAKLY HS,8,I011,715,08I011715
LOOKEBA SICKLES,LOOKEBA-SICKLES ES,8,I012,105,08I012105
LOOKEBA SICKLES,LOOKEBA-SICKLES HS,8,I012,705,08I012705
ANADARKO,ANADARKO EAST ES,8,I020,105,08I020105
ANADARKO,SUNSET ES,8,I020,115,08I020115
ANADARKO,MISSION ES,8,I020,120,08I020120
ANADARKO,ANADARKO MS,8,I020,510,08I020510
ANADARKO,ANADARKO HS,8,I020,705,08I020705
CARNEGIE,CARNEGIE ES,8,I033,105,08I033105
CARNEGIE,CARNEGIE MS,8,I033,510,08I033510
CARNEGIE,CARNEGIE HS,8,I033,705,08I033705
BOONE-APACHE,APACHE ES,8,I056,105,08I056105
BOONE-APACHE,APACHE MS,8,I056,505,08I056505
BOONE-APACHE,APACHE HS,8,I056,705,08I056705
CYRIL,CYRIL ES,8,I064,105,08I064105
CYRIL,CYRIL JHS,8,I064,610,08I064610
CYRIL,CYRIL HS,8,I064,715,08I064715
GRACEMONT,GRACEMONT ES,8,I086,105,08I086105
GRACEMONT,GRACEMONT HS,8,I086,705,08I086705
CEMENT,CEMENT ES,8,I160,105,08I160105
CEMENT,CEMENT HS,8,I160,715,08I160715
HINTON,HINTON ES,8,I161,105,08I161105
HINTON,HINTON MS,8,I161,610,08I161610
HINTON,HINTON HS,8,I161,705,08I161705
FORT COBB-BROXTON,FORT COBB-BROXTON LOWER ES,8,I167,105,08I167105
FORT COBB-BROXTON,FORT COBB-BROXTON MS,8,I167,505,08I167505
FORT COBB-BROXTON,FORT COBB-BROXTON HS,8,I167,705,08I167705
BINGER-ONEY,BINGER-ONEY ES,8,I168,105,08I168105
BINGER-ONEY,BINGER-ONEY HS,8,I168,705,08I168705
RIVERSIDE,RIVERSIDE PUBLIC SCHOOL,9,C029,105,09C029105
BANNER,BANNER PUBLIC SCHOOL,9,C031,105,09C031105
DARLINGTON,DARLINGTON PUBLIC SCHOOL,9,C070,105,09C070105
MAPLE,MAPLE PUBLIC SCHOOL,9,C162,105,09C162105
PIEDMONT,PIEDMONT ES,9,I022,105,09I022105
PIEDMONT,PIEDMONT PRIMARY ES,9,I022,110,09I022110
PIEDMONT,STONE RIDGE ES,9,I022,115,09I022115
PIEDMONT,NORTHWOOD ES,9,I022,120,09I022120
PIEDMONT,PIEDMONT INTERMEDIATE ES,9,I022,125,09I022125
PIEDMONT,PIEDMONT MS,9,I022,510,09I022510
PIEDMONT,PIEDMONT HS,9,I022,705,09I022705
YUKON,CENTRAL ES,9,I027,105,09I027105
YUKON,MYERS ES,9,I027,110,09I027110
YUKON,SHEDECK ES,9,I027,115,09I027115
YUKON,RANCHWOOD ES,9,I027,120,09I027120
YUKON,SURREY HILLS ES,9,I027,125,09I027125
YUKON,PARKLAND ES,9,I027,130,09I027130
YUKON,SKYVIEW ES,9,I027,135,09I027135
YUKON,INDEPENDENCE ES,9,I027,140,09I027140
YUKON,LAKEVIEW ES,9,I027,145,09I027145
YUKON,YUKON MS,9,I027,520,09I027520
YUKON,YUKON HS,9,I027,705,09I027705
EL RENO,HILLCREST ES,9,I034,110,09I034110
EL RENO,LINCOLN ES,9,I034,120,09I034120
EL RENO,LINCOLN LEARNING CTR,9,I034,120,09I034120
EL RENO,WEBSTER ES,9,I034,130,09I034130
EL RENO,ROSE WITCHER ES,9,I034,135,09I034135
EL RENO,LESLIE F ROBLYER LEARNING CTR,9,I034,510,09I034510
EL RENO,LESLIE F. ROBLYER MS,9,I034,510,09I034510
El Reno,Leslie F.Roblyer MS,9,I034,510,09I034510
EL RENO,ETTA DALE JHS,9,I034,610,09I034610
EL RENO,EL RENO HS,9,I034,705,09I034705
UNION CITY,UNION CITY ES,9,I057,105,09I057105
UNION CITY,UNION CITY HS,9,I057,705,09I057705
MUSTANG,MUSTANG ES,9,I069,105,09I069105
MUSTANG,MUSTANG VALLEY ES,9,I069,110,09I069110
MUSTANG,MUSTANG LAKEHOMA ES,9,I069,115,09I069115
MUSTANG,MUSTANG TRAILS ES,9,I069,120,09I069120
MUSTANG,MUSTANG CREEK ES,9,I069,125,09I069125
MUSTANG,MUSTANG EDUCATION CTR,9,I069,130,09I069130
MUSTANG,MUSTANG CENTENNIAL ES,9,I069,135,09I069135
MUSTANG,MUSTANG HORIZON IES,9,I069,140,09I069140
MUSTANG,CANYON RIDGE IES,9,I069,145,09I069145
MUSTANG,PRAIRIE VIEW ES,9,I069,150,09I069150
MUSTANG,MUSTANG MS,9,I069,505,09I069505
MUSTANG,MUSTANG NORTH MS,9,I069,510,09I069510
MUSTANG,MUSTANG HS,9,I069,705,09I069705
CALUMET,CALUMET ES,9,I076,105,09I076105
CALUMET,CALUMET JHS,9,I076,610,09I076610
CALUMET,CALUMET HS,9,I076,705,09I076705
ZANEIS,ZANEIS PUBLIC SCHOOL,10,C072,105,10C072105
ARDMORE,CHARLES EVANS ES,10,I019,110,10I019110
ARDMORE,JEFFERSON ES,10,I019,120,10I019120
ARDMORE,LINCOLN ES,10,I019,125,10I019125
ARDMORE,WILL ROGERS ES,10,I019,135,10I019135
ARDMORE,ARDMORE MS,10,I019,505,10I019505
ARDMORE,ARDMORE HS,10,I019,705,10I019705
SPRINGER,SPRINGER ES,10,I021,105,10I021105
SPRINGER,SPRINGER HS,10,I021,705,10I021705
PLAINVIEW,PLAINVIEW PRIMARY ES,10,I027,105,10I027105
PLAINVIEW,PLAINVIEW INTERMEDIATE ES,10,I027,110,10I027110
PLAINVIEW,PLAINVIEW MS,10,I027,505,10I027505
PLAINVIEW,PLAINVIEW HS,10,I027,705,10I027705
LONE GROVE,LONE GROVE INTERMEDIATE SCHOOL,10,I032,105,10I032105
LONE GROVE,LONE GROVE PRIMARY ES,10,I032,110,10I032110
LONE GROVE,LONE GROVE MS,10,I032,505,10I032505
LONE GROVE,LONE GROVE HS,10,I032,705,10I032705
WILSON,WILSON ES,10,I043,105,10I043105
WILSON,WILSON HS,10,I043,705,10I043705
HEALDTON,HEALDTON ES,10,I055,105,10I055105
HEALDTON,HEALDTON MS,10,I055,505,10I055505
HEALDTON,HEALDTON HS,10,I055,705,10I055705
FOX,FOX ES,10,I074,105,10I074105
FOX,FOX HS,10,I074,705,10I074705
DICKSON,DICKSON ES,10,I077,105,10I077105
DICKSON,DICKSON UPPER ES,10,I077,110,10I077110
DICKSON,DICKSON MS,10,I077,510,10I077510
DICKSON,DICKSON HS,10,I077,705,10I077705
LOWREY,LOWREY PUBLIC SCHOOL,11,C010,105,11C010105
NORWOOD,NORWOOD PUBLIC SCHOOL,11,C014,105,11C014105
WOODALL,WOODALL PUBLIC SCHOOL,11,C021,105,11C021105
SHADY GROVE,SHADY GROVE PUBLIC SCHOOL,11,C026,105,11C026105
PEGGS,PEGGS PUBLIC SCHOOL,11,C031,105,11C031105
GRAND VIEW,GRAND VIEW PUBLIC SCHOOL,11,C034,105,11C034105
BRIGGS,BRIGGS PUBLIC SCHOOL,11,C044,105,11C044105
TENKILLER,TENKILLER PUBLIC SCHOOL,11,C066,105,11C066105
KEYS,KEYS ES,11,I006,105,11I006105
KEYS,KEYS HS,11,I006,705,11I006705
HULBERT,HULBERT ES,11,I016,105,11I016105
HULBERT,HULBERT JR-SR HS (JR),11,I016,615,11I016615
HULBERT,HULBERT JR-SR HS (SR),11,I016,715,11I016715
Tahlequah,Cherokee ES,11,I035,110,11I035110
Tahlequah,Greenwood ES,11,I035,112,11I035112
TAHLEQUAH,SEQUOYAH ES,11,I035,115,11I035115
Tahlequah,Heritage ES,11,I035,125,11I035125
TAHLEQUAH,CHEROKEE ES,11,I035,210,11I035210
TAHLEQUAH,GREENWOOD ES,11,I035,212,11I035212
TAHLEQUAH,HERITAGE ES,11,I035,225,11I035225
Tahlequah,Tahlequah MS,11,I035,515,11I035515
TAHLEQUAH,TAHLEQUAH MS,11,I035,520,11I035520
TAHLEQUAH,TAHLEQUAH HS,11,I035,705,11I035705
CHEROKEE IMMERSION CHARTER SCH,CHEROKEE IMMERSION CHARTER SCH,11,T001,971,11T001971
GRANT,GRANT PUBLIC SCHOOL,12,C003,105,12C003105
SWINK,SWINK PUBLIC SCHOOL,12,C021,105,12C021105
BOSWELL,BOSWELL ES,12,I001,105,12I001105
BOSWELL,BOSWELL MS,12,I001,515,12I001515
BOSWELL,BOSWELL HS,12,I001,715,12I001715
FORT TOWSON,FORT TOWSON ES,12,I002,105,12I002105
FORT TOWSON,FORT TOWSON JHS,12,I002,605,12I002605
FORT TOWSON,FORT TOWSON HS,12,I002,705,12I002705
SOPER,SOPER ES,12,I004,105,12I004105
SOPER,SOPER HS,12,I004,705,12I004705
HUGO,HUGO ES,12,I039,135,12I039135
HUGO,HUGO INTERMEDIATE,12,I039,140,12I039140
HUGO,HUGO MS,12,I039,510,12I039510
HUGO,HUGO HS,12,I039,705,12I039705
BOISE CITY,BOISE CITY ES,13,I002,105,13I002105
BOISE CITY,BOISE CITY JHS,13,I002,505,13I002505
BOISE CITY,BOISE CITY HS,13,I002,705,13I002705
FELT,FELT ES,13,I010,105,13I010105
FELT,FELT HS,13,I010,705,13I010705
KEYES,KEYES ES,13,I011,105,13I011105
KEYES,KEYES HS,13,I011,705,13I011705
ROBIN HILL,ROBIN HILL PUBLIC SCHOOL,14,C016,105,14C016105
MOORE,CENTRAL ES,14,I002,103,14I002103
MOORE,FAIRVIEW ES,14,I002,107,14I002107
MOORE,KELLEY ES,14,I002,108,14I002108
MOORE,NORTHMOOR ES,14,I002,109,14I002109
MOORE,SOUTHGATE-RIPPETOE ES,14,I002,110,14I002110
MOORE,PLAZA TOWERS ES,14,I002,112,14I002112
MOORE,SKY RANCH ES,14,I002,113,14I002113
MOORE,KINGSGATE ES,14,I002,117,14I002117
MOORE,HOUCHIN ES,14,I002,120,14I002120
MOORE,WINDING CREEK ES,14,I002,125,14I002125
MOORE,SANTA FE ES,14,I002,130,14I002130
MOORE,APPLE CREEK ES,14,I002,135,14I002135
MOORE,RED OAK ES,14,I002,140,14I002140
MOORE,BRIARWOOD ES,14,I002,145,14I002145
MOORE,FISHER ES,14,I002,155,14I002155
MOORE,SOONER ES,14,I002,160,14I002160
MOORE,EARLYWINE ES,14,I002,165,14I002165
MOORE,BROADMOORE ES,14,I002,170,14I002170
MOORE,EASTLAKE ES,14,I002,175,14I002175
MOORE,BRYANT ES,14,I002,180,14I002180
MOORE,WAYLAND BONDS ES,14,I002,181,14I002181
MOORE,OAKRIDGE ES,14,I002,185,14I002185
MOORE,HERITAGE TRAILS ES,14,I002,190,14I002190
MOORE,SOUTH LAKE ES,14,I002,195,14I002195
MOORE,TIMBER CREEK ES,14,I002,196,14I002196
MOORE,BRINK JHS,14,I002,610,14I002610
MOORE,HIGHLAND EAST JHS,14,I002,650,14I002650
MOORE,HIGHLAND WEST JHS,14,I002,655,14I002655
MOORE,WEST JHS,14,I002,680,14I002680
MOORE,CENTRAL JHS,14,I002,685,14I002685
MOORE,SOUTHRIDGE JHS,14,I002,690,14I002690
MOORE,MOORE HS,14,I002,705,14I002705
MOORE,WESTMOORE HS,14,I002,710,14I002710
MOORE,SOUTHMOORE HS,14,I002,715,14I002715
NORMAN,LAKEVIEW ES,14,I029,107,14I029107
NORMAN,ADAMS ES,14,I029,110,14I029110
NORMAN,CLEVELAND ES,14,I029,112,14I029112
NORMAN,JACKSON ES,14,I029,115,14I029115
NORMAN,JEFFERSON ES,14,I029,120,14I029120
NORMAN,KENNEDY ES,14,I029,122,14I029122
NORMAN,LINCOLN ES,14,I029,125,14I029125
NORMAN,MADISON ES,14,I029,130,14I029130
NORMAN,MCKINLEY ES,14,I029,135,14I029135
NORMAN,EISENHOWER ES,14,I029,140,14I029140
NORMAN,WILSON ES,14,I029,145,14I029145
NORMAN,MONROE ES,14,I029,150,14I029150
NORMAN,RONALD REAGAN ES,14,I029,151,14I029151
NORMAN,ROOSEVELT ES,14,I029,153,14I029153
NORMAN,TRUMAN ES,14,I029,155,14I029155
NORMAN,WASHINGTON ES,14,I029,160,14I029160
NORMAN,TRUMAN PRIMARY SCHOOL,14,I029,165,14I029165
NORMAN,DIMENSIONS ACADEMY,14,I029,170,14I029170
NORMAN,IRVING MS,14,I029,500,14I029500
NORMAN,ALCOTT MS,14,I029,501,14I029501
NORMAN,LONGFELLOW MS,14,I029,502,14I029502
NORMAN,WHITTIER MS,14,I029,504,14I029504
NORMAN,NORMAN HS,14,I029,705,14I029705
NORMAN,NORMAN NORTH HS,14,I029,710,14I029710
NORMAN,DIMENSIONS ACADEMY,14,I029,740,14I029740
NOBLE,KATHERINE I. DAILY ES,14,I040,105,14I040105
Noble,Katherine I.Daily ES,14,I040,105,14I040105
NOBLE,PIONEER INTERMEDIATE ES,14,I040,110,14I040110
NOBLE,JOHN K. HUBBARD ES,14,I040,115,14I040115
Noble,John K.Hubbard ES,14,I040,115,14I040115
NOBLE,CURTIS INGE MS,14,I040,510,14I040510
NOBLE,NOBLE HS,14,I040,705,14I040705
LEXINGTON,LEXINGTON ES,14,I057,105,14I057105
LEXINGTON,LEXINGTON INTERMEDIATE SCHOOL,14,I057,110,14I057110
LEXINGTON,LEXINGTON MS,14,I057,510,14I057510
Lexington,Lexington JHS,14,I057,605,14I057605
LEXINGTON,LEXINGTON HS,14,I057,705,14I057705
LITTLE AXE,LITTLE AXE ES,14,I070,105,14I070105
LITTLE AXE,LITTLE AXE MS,14,I070,505,14I070505
LITTLE AXE,LITTLE AXE HS,14,I070,715,14I070715
COTTONWOOD,COTTONWOOD PUBLIC SCHOOL,15,C004,105,15C004105
COALGATE,EMERSON ES,15,I001,105,15I001105
COALGATE,WALLACE BYRD MS,15,I001,505,15I001505
COALGATE,COALGATE HS,15,I001,705,15I001705
TUPELO,TUPELO ES,15,I002,105,15I002105
TUPELO,TUPELO HS,15,I002,705,15I002705
FLOWER MOUND,FLOWER MOUND PUBLIC SCHOOL,16,C048,105,16C048105
BISHOP,BISHOP PUBLIC SCHOOL,16,C049,105,16C049105
CACHE,CACHE PRIMARY ES,16,I001,105,16I001105
CACHE,CACHE INTERMEDIATE ES,16,I001,110,16I001110
CACHE,CACHE MS,16,I001,505,16I001505
CACHE,CACHE 5TH AND 6TH GRADE MS,16,I001,530,16I001530
CACHE,CACHE HS,16,I001,705,16I001705
INDIAHOMA,INDIAHOMA ES,16,I002,105,16I002105
INDIAHOMA,INDIAHOMA HS,16,I002,705,16I002705
STERLING,STERLING ES,16,I003,105,16I003105
STERLING,STERLING HS,16,I003,705,16I003705
GERONIMO,GERONIMO ES,16,I004,105,16I004105
GERONIMO,GERONIMO MS,16,I004,505,16I004505
GERONIMO,GERONIMO HS,16,I004,705,16I004705
LAWTON,ADAMS ES,16,I008,105,16I008105
LAWTON,ALMOR WEST ES,16,I008,106,16I008106
LAWTON,BROCKLAND ES,16,I008,107,16I008107
LAWTON,CARRIAGE HILLS ES,16,I008,108,16I008108
LAWTON,CLEVELAND ES,16,I008,110,16I008110
LAWTON,CROSBY PARK ES,16,I008,114,16I008114
LAWTON,EDISON ES,16,I008,122,16I008122
LAWTON,EISENHOWER ES,16,I008,125,16I008125
LAWTON,FREEDOM ES,16,I008,127,16I008127
LAWTON,GERONIMO ROAD ES,16,I008,135,16I008135
LAWTON,RIDGECREST ES,16,I008,140,16I008140
LAWTON,HUGH BISH ES,16,I008,148,16I008148
Lawton,Jackson ES,16,I008,150,16I008150
LAWTON,BEGINNINGS ACADEMY,16,I008,160,16I008160
LAWTON,LINCOLN ES,16,I008,165,16I008165
LAWTON,PARK LANE ES,16,I008,167,16I008167
LAWTON,PAT HENRY ES,16,I008,168,16I008168
LAWTON,PIONEER PARK ES,16,I008,173,16I008173
LAWTON,SHERIDAN ROAD ES,16,I008,180,16I008180
LAWTON,SULLIVAN VILLAGE ES,16,I008,183,16I008183
LAWTON,SWINNEY ES,16,I008,185,16I008185
LAWTON,WASHINGTON ES,16,I008,195,16I008195
LAWTON,LEARNING TREE ACADEMY,16,I008,200,16I008200
LAWTON,WHITTIER ES,16,I008,205,16I008205
LAWTON,WILSON ES,16,I008,215,16I008215
LAWTON,WOODLAND HILLS ES,16,I008,220,16I008220
LAWTON,MACARTHUR MS,16,I008,530,16I008530
LAWTON,CENTRAL MS,16,I008,535,16I008535
LAWTON,TOMLINSON MS,16,I008,540,16I008540
LAWTON,EISENHOWER MS,16,I008,545,16I008545
LAWTON,EISENHOWER HS,16,I008,705,16I008705
LAWTON,LAWTON HS,16,I008,710,16I008710
LAWTON,MACARTHUR HS,16,I008,715,16I008715
FLETCHER,FLETCHER ES,16,I009,105,16I009105
FLETCHER,FLETCHER JHS,16,I009,615,16I009615
FLETCHER,FLETCHER HS,16,I009,715,16I009715
ELGIN,ELGIN ES,16,I016,105,16I016105
ELGIN,ELGIN MS,16,I016,505,16I016505
ELGIN,ELGIN HS,16,I016,705,16I016705
CHATTANOOGA,CHATTANOOGA ES,16,I132,105,16I132105
CHATTANOOGA,CHATTANOOGA HS,16,I132,705,16I132705
WALTERS,WALTERS ES,17,I001,105,17I001105
WALTERS,WALTERS MS,17,I001,505,17I001505
WALTERS,WALTERS HS,17,I001,705,17I001705
TEMPLE,TEMPLE ES,17,I101,105,17I101105
TEMPLE,TEMPLE HS,17,I101,715,17I101715
BIG PASTURE,BIG PASTURE ES,17,I333,105,17I333105
BIG PASTURE,BIG PASTURE HS,17,I333,705,17I333705
WHITE OAK,WHITE OAK PUBLIC SCHOOL,18,C001,105,18C001105
KETCHUM,KETCHUM ES,18,I006,105,18I006105
KETCHUM,KETCHUM MS,18,I006,505,18I006505
KETCHUM,KETCHUM HS,18,I006,705,18I006705
WELCH,WELCH ES,18,I017,115,18I017115
WELCH,WELCH MS,18,I017,515,18I017515
WELCH,WELCH HS,18,I017,715,18I017715
BLUEJACKET,BLUEJACKET ES,18,I020,105,18I020105
BLUEJACKET,BLUEJACKET MS,18,I020,505,18I020505
BLUEJACKET,BLUEJACKET HS,18,I020,705,18I020705
VINITA,VINITA ES,18,I065,200,18I065200
VINITA,EWING HALSELL MS,18,I065,510,18I065510
VINITA,VINITA HS,18,I065,705,18I065705
LONE STAR,LONE STAR PUBLIC SCHOOL,19,C008,105,19C008105
GYPSY,GYPSY PUBLIC SCHOOL,19,C012,105,19C012105
PRETTY WATER,PRETTY WATER PUBLIC SCHOOL,19,C034,105,19C034105
ALLEN-BOWDEN,ALLEN-BOWDEN PUBLIC SCHOOL,19,C035,105,19C035105
BRISTOW,EDISON ES,19,I002,110,19I002110
BRISTOW,COLLINS ES,19,I002,115,19I002115
BRISTOW,BRISTOW MS,19,I002,505,19I002505
BRISTOW,BRISTOW HS,19,I002,705,19I002705
MANNFORD,MANNFORD LOWER ES,19,I003,105,19I003105
MANNFORD,MANNFORD UPPER ES,19,I003,110,19I003110
MANNFORD,MANNFORD EC CTR,19,I003,115,19I003115
MANNFORD,MANNFORD MS,19,I003,500,19I003500
MANNFORD,MANNFORD HS,19,I003,705,19I003705
MOUNDS,MOUNDS ES,19,I005,105,19I005105
MOUNDS,MOUNDS HS,19,I005,705,19I005705
OLIVE,OLIVE ES,19,I017,105,19I017105
OLIVE,OLIVE HS,19,I017,715,19I017715
KIEFER,KIEFER ES,19,I018,105,19I018105
KIEFER,RONGEY MS,19,I018,505,19I018505
KIEFER,KIEFER HS,19,I018,705,19I018705
OILTON,J. F. KENNEDY ES,19,I020,105,19I020105
Oilton,J.F.Kennedy ES,19,I020,105,19I020105
OILTON,OILTON HS,19,I020,715,19I020715
DEPEW,DEPEW ES,19,I021,105,19I021105
DEPEW,DEPEW HS,19,I021,705,19I021705
KELLYVILLE,KELLYVILLE ES,19,I031,105,19I031105
KELLYVILLE,KELLYVILLE UPPER ES,19,I031,110,19I031110
KELLYVILLE,KELLYVILLE MS,19,I031,505,19I031505
KELLYVILLE,KELLYVILLE HS,19,I031,705,19I031705
SAPULPA,LIBERTY ES,19,I033,125,19I033125
SAPULPA,FREEDOM ES,19,I033,150,19I033150
SAPULPA,JEFFERSON HEIGHTS ES,19,I033,160,19I033160
SAPULPA,HOLMES PARK ES,19,I033,165,19I033165
SAPULPA,SAPULPA MS,19,I033,505,19I033505
SAPULPA,SAPULPA JHS,19,I033,610,19I033610
SAPULPA,SAPULPA HS,19,I033,705,19I033705
DRUMRIGHT,BRADLEY ES,19,I039,115,19I039115
DRUMRIGHT,VIRGIL COOPER MS,19,I039,505,19I039505
DRUMRIGHT,DRUMRIGHT HS,19,I039,705,19I039705
ARAPAHO-BUTLER,ARAPAHO-BUTLER ES,20,I005,105,20I005105
ARAPAHO-BUTLER,ARAPAHO-BUTLER HS,20,I005,715,20I005715
THOMAS-FAY-CUSTER UNIFIED DIST,THOMAS ES,20,I007,105,20I007105
THOMAS-FAY-CUSTER UNIFIED DIST,THOMAS-FAY-CUSTER UNIFIED JHS,20,I007,615,20I007615
THOMAS-FAY-CUSTER UNIFIED DIST,THOMAS-FAY-CUSTER UNIFIED HS,20,I007,715,20I007715
WEATHERFORD,WEATHERFORD EAST ES,20,I026,105,20I026105
WEATHERFORD,WEATHERFORD WEST ES,20,I026,115,20I026115
WEATHERFORD,BURCHAM ES,20,I026,120,20I026120
WEATHERFORD,WEATHERFORD MS,20,I026,510,20I026510
WEATHERFORD,WEATHERFORD HS,20,I026,705,20I026705
CLINTON,NANCE ES,20,I099,110,20I099110
CLINTON,SOUTHWEST ES,20,I099,115,20I099115
CLINTON,WASHINGTON ES,20,I099,120,20I099120
CLINTON,CLINTON MS,20,I099,505,20I099505
CLINTON,CLINTON HS,20,I099,705,20I099705
CLEORA,CLEORA PUBLIC SCHOOL,21,C006,105,21C006105
LEACH,LEACH PUBLIC SCHOOL,21,C014,105,21C014105
KENWOOD,KENWOOD PUBLIC SCHOOL,21,C030,105,21C030105
MOSELEY,MOSELEY PUBLIC SCHOOL,21,C034,105,21C034105
JAY,JAY ES,21,I001,105,21I001105
JAY,JAY UPPER ES,21,I001,305,21I001305
JAY,JAY MS,21,I001,505,21I001505
JAY,JAY HS,21,I001,705,21I001705
GROVE,GROVE UPPER ES,21,I002,105,21I002105
GROVE,GROVE LOWER ES,21,I002,110,21I002110
GROVE,GROVE MS,21,I002,505,21I002505
GROVE,GROVE HS,21,I002,705,21I002705
KANSAS,KANSAS ES,21,I003,105,21I003105
KANSAS,KANSAS MS,21,I003,505,21I003505
KANSAS,KANSAS HS,21,I003,715,21I003715
COLCORD,COLCORD ES,21,I004,105,21I004105
COLCORD,COLCORD HS,21,I004,715,21I004715
OAKS-MISSION,OAKS-MISSION ES,21,I005,105,21I005105
OAKS-MISSION,OAKS-MISSION HS,21,I005,715,21I005715
VICI,VICI ES,22,I005,105,22I005105
VICI,VICI HS,22,I005,705,22I005705
SEILING,SEILING ES,22,I008,105,22I008105
SEILING,SEILING JR-SR HS (JR),22,I008,615,22I008615
SEILING,SEILING JR-SR HS (SR),22,I008,715,22I008715
TALOGA,TALOGA ES,22,I010,105,22I010105
TALOGA,TALOGA HS,22,I010,705,22I010705
FARGO,FARGO ES,23,I002,105,23I002105
FARGO,GAGE ES,23,I002,110,23I002110
FARGO,FARGO HS,23,I002,705,23I002705
FARGO,GAGE HS,23,I002,710,23I002710
ARNETT,ARNETT ES,23,I003,105,23I003105
ARNETT,ARNETT HS,23,I003,705,23I003705
GAGE,GAGE ES,23,I039,105,23I039105
GAGE,GAGE HS,23,I039,705,23I039705
SHATTUCK,SHATTUCK ES,23,I042,105,23I042105
SHATTUCK,SHATTUCK HS,23,I042,705,23I042705
WAUKOMIS,WAUKOMIS ES,24,I001,105,24I001105
WAUKOMIS,WAUKOMIS HS,24,I001,705,24I001705
KREMLIN-HILLSDALE,KREMLIN-HILLSDALE ES,24,I018,105,24I018105
KREMLIN-HILLSDALE,KREMLIN-HILLSDALE HS,24,I018,705,24I018705
CHISHOLM,CHISHOLM ES,24,I042,105,24I042105
CHISHOLM,CHISHOLM MS,24,I042,505,24I042505
CHISHOLM,CHISHOLM HS,24,I042,705,24I042705
GARBER,GARBER ES,24,I047,105,24I047105
GARBER,GARBER HS,24,I047,715,24I047715
PIONEER-PLEASANT VALE,PIONEER-PLEASANT VALE ES,24,I056,105,24I056105
PIONEER-PLEASANT VALE,PIONEER-PLEASANT VALE JHS,24,I056,610,24I056610
PIONEER-PLEASANT VALE,PIONEER-PLEASANT VALE HS,24,I056,705,24I056705
ENID,ADAMS ES,24,I057,105,24I057105
ENID,CARVER EARLY CHILDHOOD CTR,24,I057,115,24I057115
ENID,COOLIDGE ES,24,I057,120,24I057120
ENID,EISENHOWER ES,24,I057,125,24I057125
ENID,GARFIELD ES,24,I057,130,24I057130
ENID,GLENWOOD ES,24,I057,132,24I057132
ENID,HAYES ES,24,I057,137,24I057137
ENID,HOOVER ES,24,I057,140,24I057140
ENID,MCKINLEY ES,24,I057,160,24I057160
ENID,MONROE ES,24,I057,165,24I057165
ENID,PRAIRIE VIEW ES,24,I057,170,24I057170
ENID,TAFT ES,24,I057,175,24I057175
ENID,EMERSON MS,24,I057,505,24I057505
ENID,LONGFELLOW MS,24,I057,510,24I057510
ENID,DEWITT WALLER MS,24,I057,515,24I057515
ENID,ENID HS,24,I057,705,24I057705
DRUMMOND,DRUMMOND ES,24,I085,105,24I085105
DRUMMOND,DRUMMOND HS,24,I085,705,24I085705
COVINGTON-DOUGLAS,COVINGTON-DOUGLAS ES,24,I094,105,24I094105
COVINGTON-DOUGLAS,COVINGTON-DOUGLAS HS,24,I094,705,24I094705
WHITEBEAD,WHITEBEAD PUBLIC SCHOOL,25,C016,105,25C016105
STRATFORD,STRATFORD ES,25,I002,105,25I002105
STRATFORD,STRATFORD MS,25,I002,505,25I002505
STRATFORD,STRATFORD HS,25,I002,715,25I002715
PAOLI,PAOLI ES,25,I005,105,25I005105
PAOLI,PAOLI HS,25,I005,705,25I005705
MAYSVILLE,MAYSVILLE ES,25,I007,105,25I007105
MAYSVILLE,MAYSVILLE HS,25,I007,715,25I007715
LINDSAY,LINDSAY ES,25,I009,105,25I009105
LINDSAY,LINDSAY MS,25,I009,505,25I009505
LINDSAY,LINDSAY HS,25,I009,705,25I009705
PAULS VALLEY,JEFFERSON EARLY LRNING CTR,25,I018,105,25I018105
PAULS VALLEY,JACKSON ES,25,I018,110,25I018110
PAULS VALLEY,LEE ES,25,I018,115,25I018115
PAULS VALLEY,PAULS VALLEY JHS,25,I018,610,25I018610
PAULS VALLEY,PAULS VALLEY HS,25,I018,705,25I018705
WYNNEWOOD,CENTRAL ES,25,I038,105,25I038105
WYNNEWOOD,WYNNEWOOD MS,25,I038,500,25I038500
WYNNEWOOD,WYNNEWOOD HS,25,I038,705,25I038705
ELMORE CITY-PERNELL,ELMORE CITY-PERNELL ES,25,I072,105,25I072105
ELMORE CITY-PERNELL,ELMORE CITY JHS,25,I072,605,25I072605
ELMORE CITY-PERNELL,SENIOR HS,25,I072,715,25I072715
FRIEND,FRIEND PUBLIC SCHOOL,26,C037,105,26C037105
MIDDLEBERG,MIDDLEBERG PUBLIC SCHOOL,26,C096,105,26C096105
PIONEER,PIONEER PUBLIC SCHOOL,26,C131,105,26C131105
CHICKASHA,GRAND AVENUE ES,26,I001,105,26I001105
CHICKASHA,LINCOLN ES,26,I001,115,26I001115
CHICKASHA,BILL WALLACE EC CTR,26,I001,120,26I001120
CHICKASHA,CHICKASHA MS,26,I001,510,26I001510
CHICKASHA,CHICKASHA HS,26,I001,705,26I001705
MINCO,MINCO ES,26,I002,105,26I002105
MINCO,MINCO MS,26,I002,505,26I002505
MINCO,MINCO HS,26,I002,715,26I002715
NINNEKAH,NINNEKAH ES,26,I051,105,26I051105
NINNEKAH,NINNEKAH MS,26,I051,510,26I051510
NINNEKAH,NINNEKAH JHS,26,I051,610,26I051610
NINNEKAH,SENIOR HS,26,I051,705,26I051705
ALEX,ALEX ES,26,I056,105,26I056105
ALEX,ALEX HS,26,I056,715,26I056715
RUSH SPRINGS,RUSH SPRINGS ES,26,I068,105,26I068105
RUSH SPRINGS,RUSH SPRINGS MS,26,I068,505,26I068505
RUSH SPRINGS,RUSH SPRINGS HS,26,I068,705,26I068705
BRIDGE CREEK,BRIDGE CREEK ES,26,I095,105,26I095105
BRIDGE CREEK,BRIDGE CREEK MS,26,I095,505,26I095505
BRIDGE CREEK,BRIDGE CREEK HS,26,I095,705,26I095705
TUTTLE,TUTTLE ES,26,I097,105,26I097105
TUTTLE,TUTTLE INTERMEDIATE ES,26,I097,110,26I097110
TUTTLE,TUTTLE MS,26,I097,505,26I097505
TUTTLE,TUTTLE HS,26,I097,705,26I097705
VERDEN,VERDEN ES,26,I099,105,26I099105
VERDEN,VERDEN HS,26,I099,705,26I099705
AMBER-POCASSET,AMBER-POCASSET ES,26,I128,105,26I128105
AMBER-POCASSET,AMBER-POCASSET JHS,26,I128,615,26I128615
AMBER-POCASSET,AMBER-POCASSET HS,26,I128,715,26I128715
MEDFORD,MEDFORD ES,27,I054,105,27I054105
MEDFORD,MEDFORD HS,27,I054,705,27I054705
POND CREEK-HUNTER,POND CREEK-HUNTER ES,27,I090,105,27I090105
POND CREEK-HUNTER,POND CREEK-HUNTER MS,27,I090,505,27I090505
POND CREEK-HUNTER,POND CREEK-HUNTER HS,27,I090,705,27I090705
DEER CREEK-LAMONT,DEER CREEK-LAMONT ES,27,I095,105,27I095105
DEER CREEK-LAMONT,DEER CREEK-LAMONT HS,27,I095,705,27I095705
MANGUM,EDISON ES,28,I001,105,28I001105
MANGUM,MANGUM MS,28,I001,510,28I001510
MANGUM,MANGUM HS,28,I001,705,28I001705
GRANITE,GRANITE ES,28,I003,105,28I003105
GRANITE,GRANITE HS,28,I003,715,28I003715
HOLLIS,HOLLIS ES,29,I066,105,29I066105
HOLLIS,HOLLIS MS,29,I066,510,29I066510
HOLLIS,HOLLIS HS,29,I066,705,29I066705
LAVERNE,LAVERNE ES,30,I001,105,30I001105
LAVERNE,LAVERNE HS,30,I001,705,30I001705
BUFFALO,BUFFALO ES,30,I004,105,30I004105
BUFFALO,BUFFALO HS,30,I004,715,30I004715
WHITEFIELD,WHITEFIELD PUBLIC SCHOOL,31,C010,105,31C010105
KINTA,KINTA ES,31,I013,105,31I013105
KINTA,KINTA HS,31,I013,705,31I013705
STIGLER,STIGLER ES,31,I020,105,31I020105
STIGLER,STIGLER MS,31,I020,505,31I020505
STIGLER,STIGLER HS,31,I020,705,31I020705
MCCURTAIN,MCCURTAIN ES,31,I037,105,31I037105
MCCURTAIN,MCCURTAIN HS,31,I037,705,31I037705
KEOTA,KEOTA ES,31,I043,105,31I043105
KEOTA,KEOTA HS,31,I043,705,31I043705
MOSS,MOSS ES,32,I001,105,32I001105
MOSS,MOSS HS,32,I001,705,32I001705
WETUMKA,WETUMKA ES,32,I005,105,32I005105
WETUMKA,WETUMKA HS,32,I005,705,32I005705
HOLDENVILLE,ETHEL REED ES,32,I035,120,32I035120
HOLDENVILLE,THOMAS IES,32,I035,130,32I035130
Holdenville,Thomas MS,32,I035,510,32I035510
HOLDENVILLE,HOLDENVILLE HS,32,I035,705,32I035705
CALVIN,CALVIN ES,32,I048,105,32I048105
CALVIN,CALVIN HS,32,I048,705,32I048705
STUART,STUART ES,32,I054,105,32I054105
STUART,STUART HS,32,I054,705,32I054705
NAVAJO,NAVAJO ES,33,I001,105,33I001105
NAVAJO,NAVAJO JHS,33,I001,610,33I001610
NAVAJO,NAVAJO HS,33,I001,705,33I001705
DUKE,DUKE ES,33,I014,105,33I014105
DUKE,DUKE HS,33,I014,705,33I014705
ALTUS,RIVERS ES,33,I018,105,33I018105
ALTUS,ROOSEVELT ES,33,I018,120,33I018120
ALTUS,SUNSET ES,33,I018,125,33I018125
ALTUS,WASHINGTON ES,33,I018,130,33I018130
ALTUS,WILL ROGERS ES,33,I018,135,33I018135
ALTUS,ALTUS INTERMEDIATE SCHOOL,33,I018,145,33I018145
ALTUS,ALTUS JHS,33,I018,625,33I018625
ALTUS,ALTUS HS,33,I018,705,33I018705
ELDORADO,ELDORADO ES,33,I025,105,33I025105
ELDORADO,ELDORADO HS,33,I025,705,33I025705
OLUSTEE,OLUSTEE ES,33,I035,105,33I035105
OLUSTEE,OLUSTEE HS,33,I035,705,33I035705
BLAIR,BLAIR ES,33,I054,105,33I054105
BLAIR,BLAIR HS,33,I054,705,33I054705
TERRAL,TERRAL PUBLIC SCHOOL,34,C003,105,34C003105
RYAN,RYAN ES,34,I001,105,34I001105
RYAN,RYAN HS,34,I001,705,34I001705
RINGLING,RINGLING ES,34,I014,105,34I014105
RINGLING,RINGLING JHS,34,I014,610,34I014610
RINGLING,RINGLING HS,34,I014,705,34I014705
WAURIKA,WAURIKA ES,34,I023,105,34I023105
WAURIKA,WAURIKA MS,34,I023,510,34I023510
WAURIKA,WAURIKA HS,34,I023,705,34I023705
MANNSVILLE,MANNSVILLE PUBLIC SCHOOL,35,C007,105,35C007105
RAVIA,RAVIA PUBLIC SCHOOL,35,C010,105,35C010105
MILL CREEK,MILL CREEK ES,35,I002,105,35I002105
MILL CREEK,MILL CREEK HS,35,I002,705,35I002705
TISHOMINGO,TISHOMINGO ES,35,I020,105,35I020105
TISHOMINGO,TISHOMINGO MS,35,I020,505,35I020505
TISHOMINGO,TISHOMINGO HS,35,I020,705,35I020705
MILBURN,MILBURN ES,35,I029,105,35I029105
MILBURN,MILBURN HS,35,I029,705,35I029705
COLEMAN,COLEMAN ES,35,I035,105,35I035105
COLEMAN,COLEMAN HS,35,I035,705,35I035705
WAPANUCKA,WAPANUCKA ES,35,I037,105,35I037105
WAPANUCKA,WAPANUCKA HS,35,I037,705,35I037705
PECKHAM,PECKHAM PUBLIC SCHOOL,36,C027,105,36C027105
KILDARE,KILDARE PUBLIC SCHOOL,36,C050,105,36C050105
Blackwell,Huston Ec Ctr,36,I045,105,36I045105
BLACKWELL,BLACKWELL ES,36,I045,125,36I045125
BLACKWELL,BLACKWELL MS,36,I045,505,36I045505
BLACKWELL,BLACKWELL HS,36,I045,705,36I045705
PONCA CITY,LIBERTY ES,36,I071,120,36I071120
PONCA CITY,LINCOLN ES,36,I071,125,36I071125
PONCA CITY,UNION ES,36,I071,130,36I071130
PONCA CITY,ROOSEVELT ES,36,I071,135,36I071135
PONCA CITY,E. M. TROUT ES,36,I071,137,36I071137
Ponca City,E.M.Trout ES,36,I071,137,36I071137
PONCA CITY,WOODLANDS ES,36,I071,145,36I071145
PONCA CITY,GARFIELD ES,36,I071,150,36I071150
PONCA CITY,PONCA CITY WEST MS,36,I071,505,36I071505
PONCA CITY,PONCA CITY EAST MS,36,I071,515,36I071515
PONCA CITY,PONCA CITY HS,36,I071,705,36I071705
TONKAWA,TONKAWA ES,36,I087,105,36I087105
TONKAWA,TONKAWA MS,36,I087,505,36I087505
TONKAWA,TONKAWA HS,36,I087,715,36I087715
NEWKIRK,NEWKIRK ES,36,I125,105,36I125105
NEWKIRK,NEWKIRK-BRAMAN ES,36,I125,110,36I125110
NEWKIRK,NEWKIRK MS,36,I125,505,36I125505
NEWKIRK,NEWKIRK HS,36,I125,705,36I125705
DOVER,DOVER ES,37,I002,105,37I002105
DOVER,DOVER HS,37,I002,705,37I002705
LOMEGA,LOMEGA ES,37,I003,105,37I003105
LOMEGA,LOMEGA HS,37,I003,705,37I003705
KINGFISHER,GILMOUR ES,37,I007,110,37I007110
KINGFISHER,HERITAGE ELEMENTARY,37,I007,120,37I007120
KINGFISHER,KINGFISHER MS,37,I007,505,37I007505
KINGFISHER,KINGFISHER HS,37,I007,705,37I007705
HENNESSEY,HENNESSEY LOWER ES,37,I016,105,37I016105
HENNESSEY,HENNESSEY UPPER ES,37,I016,110,37I016110
HENNESSEY,HENNESSEY HS,37,I016,705,37I016705
CASHION,CASHION ES,37,I089,105,37I089105
CASHION,CASHION MS,37,I089,505,37I089505
CASHION,CASHION HS,37,I089,705,37I089705
OKARCHE,OKARCHE ES,37,I105,105,37I105105
OKARCHE,OKARCHE JHS,37,I105,610,37I105610
OKARCHE,OKARCHE HS,37,I105,705,37I105705
HOBART,HOBART ES,38,I001,115,38I001115
HOBART,HOBART MS,38,I001,505,38I001505
HOBART,HOBART HS,38,I001,705,38I001705
LONE WOLF,LONE WOLF ES,38,I002,105,38I002105
LONE WOLF,LONE WOLF HS,38,I002,705,38I002705
MOUNTAIN VIEW-GOTEBO,MOUNTAIN VIEW-GOTEBO ES,38,I003,110,38I003110
MOUNTAIN VIEW-GOTEBO,MOUNTAIN VIEW-GOTEBO HS,38,I003,715,38I003715
SNYDER,SNYDER ES,38,I004,105,38I004105
SNYDER,SNYDER ES,38,I004,110,38I004110
SNYDER,SNYDER HS,38,I004,705,38I004705
WILBURTON,WILBURTON ES,39,I001,105,39I001105
WILBURTON,WILBURTON MS,39,I001,510,39I001510
WILBURTON,WILBURTON HS,39,I001,705,39I001705
RED OAK,RED OAK ES,39,I002,105,39I002105
RED OAK,RED OAK HS,39,I002,705,39I002705
BUFFALO VALLEY,BUFFALO VALLEY ES,39,I003,105,39I003105
BUFFALO VALLEY,BUFFALO VALLEY HS,39,I003,705,39I003705
PANOLA,PANOLA ES,39,I004,105,39I004105
PANOLA,PANOLA HS,39,I004,705,39I004705
SHADY POINT,SHADY POINT PUBLIC SCHOOL,40,C004,105,40C004105
MONROE,MONROE PUBLIC SCHOOL,40,C011,105,40C011105
HODGEN,HODGEN PUBLIC SCHOOL,40,C014,105,40C014105
FANSHAWE,FANSHAWE PUBLIC SCHOOL,40,C039,105,40C039105
SPIRO,SPIRO ES,40,I002,110,40I002110
SPIRO,SPIRO MS,40,I002,505,40I002505
SPIRO,SPIRO HS,40,I002,705,40I002705
HEAVENER,HEAVENER ES,40,I003,105,40I003105
HEAVENER,HEAVENER HS,40,I003,705,40I003705
POCOLA,POCOLA ES,40,I007,105,40I007105
POCOLA,POCOLA MS,40,I007,505,40I007505
POCOLA,POCOLA HS,40,I007,705,40I007705
LE FLORE,LEFLORE ES,40,I016,105,40I016105
LE FLORE,LEFLORE HS,40,I016,705,40I016705
CAMERON,CAMERON ES,40,I017,105,40I017105
CAMERON,CAMERON HS,40,I017,705,40I017705
PANAMA,PANAMA ES,40,I020,115,40I020115
PANAMA,PANAMA MS,40,I020,505,40I020505
PANAMA,PANAMA HS,40,I020,705,40I020705
BOKOSHE,BOKOSHE ES,40,I026,105,40I026105
BOKOSHE,BOKOSHE JHS,40,I026,615,40I026615
BOKOSHE,BOKOSHE HS,40,I026,715,40I026715
POTEAU,POTEAU UPPER ES,40,I029,115,40I029115
POTEAU,POTEAU PRIMARY ES,40,I029,120,40I029120
POTEAU,PANSY KIDD MS,40,I029,505,40I029505
POTEAU,POTEAU HS,40,I029,705,40I029705
WISTER,WISTER ES,40,I049,105,40I049105
WISTER,WISTER HS,40,I049,715,40I049715
TALIHINA,TALIHINA ES,40,I052,105,40I052105
TALIHINA,TALIHINA JHS,40,I052,610,40I052610
TALIHINA,TALIHINA HS,40,I052,705,40I052705
WHITESBORO,WHITESBORO ES,40,I062,105,40I062105
WHITESBORO,WHITESBORO HS,40,I062,705,40I062705
HOWE,HOWE ES,40,I067,105,40I067105
HOWE,HOWE HS,40,I067,705,40I067705
Arkoma,Singleton ES,40,I091,105,40I091105
ARKOMA,SINGLETON ES,40,I091,205,40I091205
ARKOMA,ARKOMA JHS,40,I091,605,40I091605
ARKOMA,ARKOMA HS,40,I091,715,40I091715
WHITE ROCK,WHITE ROCK PUBLIC SCHOOL,41,C005,105,41C005105
CHANDLER,EAST SIDE ES,41,I001,110,41I001110
CHANDLER,PARK ROAD ES,41,I001,120,41I001120
CHANDLER,CHANDLER JHS,41,I001,610,41I001610
CHANDLER,CHANDLER HS,41,I001,705,41I001705
DAVENPORT,DAVENPORT ES,41,I003,105,41I003105
DAVENPORT,DAVENPORT HS,41,I003,705,41I003705
WELLSTON,WELLSTON ES,41,I004,105,41I004105
WELLSTON,WELLSTON MS,41,I004,505,41I004505
WELLSTON,WELLSTON HS,41,I004,705,41I004705
STROUD,PARKVIEW ES,41,I054,110,41I054110
STROUD,STROUD MS,41,I054,505,41I054505
STROUD,STROUD HS,41,I054,705,41I054705
MEEKER,MEEKER ES,41,I095,105,41I095105
MEEKER,MEEKER MS,41,I095,505,41I095505
MEEKER,MEEKER HS,41,I095,705,41I095705
PRAGUE,PRAGUE ES,41,I103,105,41I103105
PRAGUE,PRAGUE MS,41,I103,505,41I103505
PRAGUE,PRAGUE HS,41,I103,705,41I103705
CARNEY,CARNEY ES,41,I105,105,41I105105
CARNEY,CARNEY HS,41,I105,705,41I105705
AGRA,AGRA ES,41,I134,105,41I134105
AGRA,AGRA HS,41,I134,705,41I134705
GUTHRIE,FOGARTY ES,42,I001,110,42I001110
GUTHRIE,COTTERAL ES,42,I001,120,42I001120
GUTHRIE,GUTHRIE UPPER ES,42,I001,125,42I001125
GUTHRIE,CENTRAL ES,42,I001,130,42I001130
GUTHRIE,GUTHRIE JHS,42,I001,610,42I001610
GUTHRIE,GUTHRIE HS,42,I001,705,42I001705
CRESCENT,CRESCENT ES,42,I002,105,42I002105
CRESCENT,CRESCENT MS,42,I002,515,42I002515
CRESCENT,CRESCENT HS,42,I002,715,42I002715
MULHALL-ORLANDO,MULHALL-ORLANDO ES,42,I003,105,42I003105
MULHALL-ORLANDO,MULHALL-ORLANDO HS,42,I003,705,42I003705
COYLE,COYLE ES,42,I014,105,42I014105
COYLE,COYLE HS,42,I014,705,42I014705
GREENVILLE,GREENVILLE PUBLIC SCHOOL,43,C003,105,43C003105
THACKERVILLE,THACKERVILLE ES,43,I004,105,43I004105
THACKERVILLE,THACKERVILLE HS,43,I004,705,43I004705
TURNER,TURNER ES,43,I005,105,43I005105
TURNER,TURNER HS,43,I005,705,43I005705
MARIETTA,MARIETTA ES,43,I016,105,43I016105
MARIETTA,MARIETTA MS,43,I016,500,43I016500
MARIETTA,MARIETTA HS,43,I016,705,43I016705
RINGWOOD,RINGWOOD ES,44,I001,105,44I001105
RINGWOOD,RINGWOOD HS,44,I001,705,44I001705
ALINE-CLEO,ALINE-CLEO ES,44,I004,105,44I004105
ALINE-CLEO,ALINE-CLEO HS,44,I004,705,44I004705
FAIRVIEW,CORNELSEN ES,44,I084,105,44I084105
FAIRVIEW,CHAMBERLAIN MS,44,I084,510,44I084510
FAIRVIEW,FAIRVIEW HS,44,I084,705,44I084705
CIMARRON,CIMARRON ES,44,I092,105,44I092105
CIMARRON,CIMARRON HS,44,I092,705,44I092705
MADILL,MADILL ES,45,I002,105,45I002105
MADILL,MADILL MS,45,I002,505,45I002505
MADILL,MADILL HS,45,I002,705,45I002705
KINGSTON,KINGSTON ES,45,I003,105,45I003105
KINGSTON,KINGSTON MS,45,I003,505,45I003505
KINGSTON,KINGSTON HS,45,I003,705,45I003705
SPAVINAW,SPAVINAW PUBLIC SCHOOL,46,C021,105,46C021105
WICKLIFFE,WICKLIFFE PUBLIC SCHOOL,46,C035,105,46C035105
OSAGE,OSAGE PUBLIC SCHOOL,46,C043,105,46C043105
PRYOR,LINCOLN ES,46,I001,105,46I001105
PRYOR,JEFFERSON ES,46,I001,110,46I001110
PRYOR,ROOSEVELT ES,46,I001,115,46I001115
PRYOR,PRYOR JHS,46,I001,610,46I001610
PRYOR,PRYOR HS,46,I001,705,46I001705
ADAIR,BERNITA HUGHES ES,46,I002,105,46I002105
ADAIR,ADAIR MS,46,I002,505,46I002505
ADAIR,ADAIR HS,46,I002,705,46I002705
SALINA,SALINA ES,46,I016,105,46I016105
SALINA,SALINA MS,46,I016,505,46I016505
SALINA,SALINA HS,46,I016,705,46I016705
LOCUST GROVE,LOCUST GROVE EARLY LRNING CTR,46,I017,105,46I017105
LOCUST GROVE,LOCUST GROVE UPPER ES,46,I017,110,46I017110
LOCUST GROVE,LOCUST GROVE MS,46,I017,505,46I017505
LOCUST GROVE,LOCUST GROVE HS,46,I017,705,46I017705
CHOUTEAU-MAZIE,CHOUTEAU ES,46,I032,105,46I032105
CHOUTEAU-MAZIE,MAZIE ES,46,I032,110,46I032110
CHOUTEAU-MAZIE,CHOUTEAU-MAZIE EC CTR,46,I032,115,46I032115
CHOUTEAU-MAZIE,CHOUTEAU-MAZIE MS,46,I032,505,46I032505
CHOUTEAU-MAZIE,CHOUTEAU-MAZIE HS,46,I032,705,46I032705
BYARS,BYARS PUBLIC SCHOOL,47,C004,105,47C004105
NEWCASTLE,NEWCASTLE ES,47,I001,105,47I001105
NEWCASTLE,NEWCASTLE EARLY CHILDHOOD CTR,47,I001,110,47I001110
NEWCASTLE,NEWCASTLE MS,47,I001,505,47I001505
NEWCASTLE,NEWCASTLE HS,47,I001,705,47I001705
DIBBLE,DIBBLE ES,47,I002,105,47I002105
DIBBLE,DIBBLE MS,47,I002,515,47I002515
DIBBLE,DIBBLE HS,47,I002,715,47I002715
WASHINGTON,WASHINGTON ES,47,I005,105,47I005105
WASHINGTON,WASHINGTON MS,47,I005,510,47I005510
WASHINGTON,WASHINGTON HS,47,I005,705,47I005705
WAYNE,WAYNE ES,47,I010,105,47I010105
Wayne,Byars-Wayne ES,47,I010,110,47I010110
WAYNE,WAYNE MS,47,I010,505,47I010505
WAYNE,WAYNE HS,47,I010,705,47I010705
PURCELL,PURCELL ES,47,I015,105,47I015105
PURCELL,PURCELL INTERMEDIATE SCHOOL,47,I015,115,47I015115
PURCELL,PURCELL JHS,47,I015,610,47I015610
PURCELL,PURCELL HS,47,I015,705,47I015705
BLANCHARD,BLANCHARD ES,47,I029,105,47I029105
BLANCHARD,BLANCHARD INTERMEDIATE ES,47,I029,110,47I029110
BLANCHARD,BLANCHARD MS,47,I029,510,47I029510
BLANCHARD,BLANCHARD HS,47,I029,705,47I029705
FOREST GROVE,FOREST GROVE PUBLIC SCHOOL,48,C001,105,48C001105
LUKFATA,LUKFATA PUBLIC SCHOOL,48,C009,105,48C009105
GLOVER,GLOVER PUBLIC SCHOOL,48,C023,105,48C023105
DENISON,DENISON PUBLIC SCHOOL,48,C037,105,48C037105
HOLLY CREEK,HOLLY CREEK PUBLIC SCHOOL,48,C072,105,48C072105
IDABEL,CENTRAL ES,48,I005,110,48I005110
Idabel,Idabel Primary ES,48,I005,120,48I005120
IDABEL,IDABEL PRIMARY SOUTH ES,48,I005,120,48I005120
IDABEL,IDABEL MS,48,I005,505,48I005505
IDABEL,IDABEL HS,48,I005,710,48I005710
HAWORTH,HAWORTH ES,48,I006,105,48I006105
HAWORTH,HAWORTH MS,48,I006,510,48I006510
HAWORTH,HAWORTH JHS,48,I006,610,48I006610
HAWORTH,HAWORTH HS,48,I006,705,48I006705
VALLIANT,VALLIANT ES,48,I011,110,48I011110
VALLIANT,VALLIANT MS,48,I011,505,48I011505
VALLIANT,VALLIANT HS,48,I011,705,48I011705
EAGLETOWN,EAGLETOWN ES,48,I013,105,48I013105
EAGLETOWN,EAGLETOWN HS,48,I013,705,48I013705
SMITHVILLE,SMITHVILLE ES,48,I014,105,48I014105
SMITHVILLE,SMITHVILLE MS,48,I014,505,48I014505
SMITHVILLE,SMITHVILLE HS,48,I014,705,48I014705
WRIGHT CITY,WRIGHT CITY ES,48,I039,105,48I039105
WRIGHT CITY,WRIGHT CITY JHS,48,I039,610,48I039610
WRIGHT CITY,WRIGHT CITY HS,48,I039,705,48I039705
BATTIEST,BATTIEST ES,48,I071,105,48I071105
BATTIEST,BATTIEST HS,48,I071,715,48I071715
BROKEN BOW,BENNETT ES,48,I074,110,48I074110
BROKEN BOW,DIERKS ES,48,I074,120,48I074120
BROKEN BOW,RECTOR JOHNSON MS,48,I074,505,48I074505
BROKEN BOW,BROKEN BOW HS,48,I074,705,48I074705
RYAL,RYAL PUBLIC SCHOOL,49,C003,105,49C003105
STIDHAM,STIDHAM PUBLIC SCHOOL,49,C016,105,49C016105
EUFAULA,EUFAULA ES,49,I001,120,49I001120
EUFAULA,EUFAULA MS,49,I001,505,49I001505
EUFAULA,EUFAULA HS,49,I001,710,49I001710
CHECOTAH,MARSHALL ES,49,I019,110,49I019110
CHECOTAH,CHECOTAH INTERMEDIATE ES,49,I019,112,49I019112
CHECOTAH,CHECOTAH MS,49,I019,505,49I019505
CHECOTAH,CHECOTAH HS,49,I019,705,49I019705
MIDWAY,MIDWAY ES,49,I027,105,49I027105
MIDWAY,MIDWAY HS,49,I027,705,49I027705
HANNA,HANNA ES,49,I064,105,49I064105
HANNA,HANNA HS,49,I064,705,49I064705
Hanna,Hanna Virtual,49,i064,999,49i064999
Oklahoma School For The Deaf,Oklahoma School For The Deaf,50,H000,105,50H000105
Oklahoma School For The Deaf,Oklahoma School For The Deaf,50,H000,705,50H000705
SULPHUR,SULPHUR ES,50,I001,105,50I001105
SULPHUR,SULPHUR INTERMEDIATE ES,50,I001,110,50I001110
SULPHUR,SULPHUR MS,50,I001,510,50I001510
SULPHUR,SULPHUR HS,50,I001,705,50I001705
DAVIS,DAVIS ES,50,I010,105,50I010105
DAVIS,DAVIS MS,50,I010,505,50I010505
DAVIS,DAVIS HS,50,I010,705,50I010705
WAINWRIGHT,WAINWRIGHT PUBLIC SCHOOL,51,C009,105,51C009105
Oklahoma School For The Blind,Parkview-Ok.Sch For The Blind,51,H000,105,51H000105
Oklahoma School For The Blind,Parkview-Ok.Sch For The Blind,51,H000,705,51H000705
HASKELL,MARY WHITE ES,51,I002,110,51I002110
HASKELL,HASKELL MS,51,I002,505,51I002505
HASKELL,HASKELL HS,51,I002,715,51I002715
FORT GIBSON,FORT GIBSON INTERMEDIATE ES,51,I003,105,51I003105
FORT GIBSON,FORT GIBSON EARLY LRNING CTR,51,I003,110,51I003110
FORT GIBSON,FORT GIBSON MS,51,I003,505,51I003505
FORT GIBSON,FORT GIBSON HS,51,I003,705,51I003705
WEBBERS FALLS,WEBBERS FALLS ES,51,I006,105,51I006105
WEBBERS FALLS,WEBBERS FALLS HS,51,I006,715,51I006715
OKTAHA,OKTAHA ES,51,I008,110,51I008110
OKTAHA,OKTAHA HS,51,I008,705,51I008705
MUSKOGEE,CHEROKEE ES,51,I020,105,51I020105
MUSKOGEE,CREEK ES,51,I020,110,51I020110
MUSKOGEE,BENJAMIN FRANKLIN SCI. ACADEMY,51,I020,120,51I020120
Muskogee,Benjamin Franklin Sci.Academy,51,I020,120,51I020120
MUSKOGEE,GRANT-FOREMAN ES,51,I020,125,51I020125
MUSKOGEE,HARRIS-JOBE ES,51,I020,130,51I020130
MUSKOGEE,IRVING ES,51,I020,140,51I020140
MUSKOGEE,PERSHING ES,51,I020,160,51I020160
MUSKOGEE,SADLER ARTS ACADEMY,51,I020,170,51I020170
MUSKOGEE,TONY GOETZ ES,51,I020,175,51I020175
MUSKOGEE,WHITTIER ES,51,I020,180,51I020180
MUSKOGEE,MUSKOGEE EC CTR,51,I020,185,51I020185
MUSKOGEE,ALICE ROBERTSON JHS,51,I020,505,51I020505
MUSKOGEE,MUSKOGEE HS,51,I020,705,51I020705
HILLDALE,HILLDALE LOWER ES,51,I029,105,51I029105
HILLDALE,HILLDALE UPPER ES,51,I029,110,51I029110
HILLDALE,HILLDALE MS,51,I029,505,51I029505
HILLDALE,HILLDALE HS,51,I029,705,51I029705
BRAGGS,BRAGGS ES,51,I046,105,51I046105
BRAGGS,BRAGGS HS,51,I046,705,51I046705
WARNER,WARNER ES,51,I074,105,51I074105
WARNER,WARNER HS,51,I074,715,51I074715
PORUM,PORUM ES,51,I088,105,51I088105
PORUM,PORUM HS,51,I088,705,51I088705
PERRY,PERRY ES,52,I001,105,52I001105
PERRY,PERRY JHS,52,I001,605,52I001605
PERRY,PERRY HS,52,I001,705,52I001705
BILLINGS,BILLINGS ES,52,I002,105,52I002105
BILLINGS,BILLINGS HS,52,I002,705,52I002705
FRONTIER,FRONTIER ES,52,I004,105,52I004105
FRONTIER,FRONTIER HS,52,I004,705,52I004705
MORRISON,MORRISON ES,52,I006,105,52I006105
MORRISON,MORRISON MS,52,I006,510,52I006510
MORRISON,MORRISON HS,52,I006,705,52I006705
OKLAHOMA UNION,OKLAHOMA UNION ES,53,I003,105,53I003105
OKLAHOMA UNION,OKLAHOMA UNION MS,53,I003,505,53I003505
OKLAHOMA UNION,OKLAHOMA UNION HS,53,I003,705,53I003705
NOWATA,NOWATA ES,53,I040,110,53I040110
NOWATA,NOWATA MS,53,I040,505,53I040505
NOWATA,NOWATA HS,53,I040,705,53I040705
SOUTH COFFEYVILLE,SOUTH COFFEYVILLE ES,53,I051,105,53I051105
SOUTH COFFEYVILLE,SOUTH COFFEYVILLE HS,53,I051,705,53I051705
BEARDEN,BEARDEN PUBLIC SCHOOL,54,C029,105,54C029105
EPIC ONE ON ONE CHARTER SCHOOL,EPIC ONE ON ONE CHARTER ES,54,E001,970,54E001970
EPIC ONE ON ONE CHARTER SCHOOL,EPIC ONE ON ONE CHARTER MS,54,E001,971,54E001971
EPIC ONE ON ONE CHARTER SCHOOL,EPIC ONE ON ONE CHARTER HS,54,E001,972,54E001972
Graham-Dustin Charter: Epic,Epic One On One Charter School,54,E005,973,54E005973
Graham-Dustin Charter: Epic,Epic One On One Charter School,54,E005,974,54E005974
Graham-Dustin Charter: Epic,Epic One On One Charter School,54,E005,975,54E005975
MASON,MASON ES,54,I002,105,54I002105
MASON,MASON HS,54,I002,705,54I002705
PADEN,PADEN ES,54,I014,105,54I014105
PADEN,PADEN HS,54,I014,705,54I014705
OKEMAH,OAKES ES,54,I026,105,54I026105
OKEMAH,OKEMAH NOBLE CTR,54,I026,110,54I026110
OKEMAH,OKEMAH MS,54,I026,505,54I026505
OKEMAH,OKEMAH HS,54,I026,705,54I026705
WELEETKA,SPENCE MEMORIAL ES,54,I031,110,54I031110
WELEETKA,WELEETKA JHS,54,I031,610,54I031610
WELEETKA,WELEETKA HS,54,I031,705,54I031705
GRAHAM-DUSTIN,GRAHAM ES,54,I054,105,54I054105
GRAHAM-DUSTIN,DUSTIN ES,54,I054,110,54I054110
GRAHAM-DUSTIN,GRAHAM HS,54,I054,705,54I054705
OAKDALE,OAKDALE PUBLIC SCHOOL,55,C029,105,55C029105
CRUTCHO,CRUTCHO PUBLIC SCHOOL,55,C074,105,55C074105
OKC CHARTER: INDEPENDENCE MS,INDEPENDENCE CHARTER MS,55,E001,971,55E001971
OKC CHARTER: SEEWORTH ACADEMY,JUSTICE A.W. SEEWORTH ACADEMY,55,E002,972,55E002972
Okc Charter: Seeworth Academy,Justice A.W.Seeworth Academy,55,E002,972,55E002972
OKC CHARTER: HUPFELD/W VILLAGE,HUPFELD ACAD./WESTERN VILLAGE,55,E003,973,55E003973
ASTEC CHARTERS,ASTEC CHARTER MS,55,E004,971,55E004971
ASTEC CHARTERS,ASTEC CHARTER HS,55,E004,972,55E004972
Okc Charter: Astec Charters,Astec Charter MS,55,E004,974,55E004974
Okc Charter: Astec Charters,Astec Charter HS,55,E004,983,55E004983
OKC CHARTER: DOVE SCIENCE ACAD,DOVE SCIENCE ACADEMY (OKC),55,E005,975,55E005975
OKC CHARTER: SANTA FE SOUTH HS,SANTA FE SOUTH HS,55,E007,977,55E007977
SANTA FE SOUTH SCHOOLS,SANTA FE SOUTH MS,55,E007,981,55E007981
OKC CHARTER: HARDING CHARTER,HARDING CHARTER PREPARATORY HS,55,E008,978,55E008978
OKC CHARTER: HARDING FINE ARTS,HARDING FINE ARTS ACADEMY,55,E010,980,55E010980
OKC CHARTER: SANTA FE SOUTH MS,SANTA FE SOUTH MS,55,E011,981,55E011981
OKC CHARTER: KIPP REACH COLL.,KIPP REACH COLLEGE PREPARATORY,55,E012,982,55E012982
OKC CHARTER: DOVE SCIENCE ES,DOVE SCIENCE ACADEMY ES (OKC),55,E013,984,55E013984
OKLAHOMA VIRTUAL CHARTER ACAD,OKLA. VIRTUAL CHARTER ACAD ES,55,E014,970,55E014970
OKLAHOMA VIRTUAL CHARTER ACAD,OKLA. VIRTUAL CHARTER ACAD MS,55,E014,971,55E014971
OKLAHOMA VIRTUAL CHARTER ACAD,OKLA. VIRTUAL CHARTER ACAD HS,55,E014,972,55E014972
Choctaw-Nicoma Park Charter,Oklahoma Virtual Charter Acade,55,E014,984,55E014984
Choctaw-Nicoma Park Charter,Oklahoma Virtual Charter Acade,55,E014,985,55E014985
Choctaw-Nicoma Park Charter,Oklahoma Virtual Charter Acade,55,E014,986,55E014986
OKC CHARTER: HARPER ACADEMY,HARPER ACADEMY,55,E016,986,55E016986
OKC CHARTER: LIGHTHOUSE OKC,LIGHTHOUSE ACADEMIES OKC INC,55,E020,988,55E020988
SANTA FE SOUTH SCHOOLS,SANTA FE SOUTH HS,55,E022,977,55E022977
SANTA FE SOUTH SCHOOLS,SANTA FE SOUTH ES (CHARTER),55,E023,971,55E023971
SANTA FE SOUTH ES (CHARTER),SANTA FE SOUTH ES (CHARTER),55,G001,971,55G001971
ALEXIS RAINBOW (CHARTER),ALEXIS RAINBOW CS,55,G003,973,55G003973
ASTEC CHARTERS,ASTEC CHARTER MS,55,G004,971,55G004971
ASTEC CHARTERS,ASTEC CHARTER HS,55,G004,972,55G004972
JOHN W REX CHARTER ELEMENTARY,JOHN W REX CHARTER ELEMENTARY,55,G007,987,55G007987
PUTNAM CITY,APOLLO ES,55,I001,102,55I001102
PUTNAM CITY,PUTNAM CITY SMART START EC CTR,55,I001,103,55I001103
PUTNAM CITY,CENTRAL ES,55,I001,105,55I001105
PUTNAM CITY,ARBOR GROVE ES,55,I001,110,55I001110
PUTNAM CITY,CORONADO HEIGHTS ES,55,I001,115,55I001115
PUTNAM CITY,DENNIS ES,55,I001,116,55I001116
PUTNAM CITY,RALPH DOWNS ES,55,I001,117,55I001117
PUTNAM CITY,HARVEST HILLS ES,55,I001,118,55I001118
PUTNAM CITY,HILLDALE ES,55,I001,120,55I001120
PUTNAM CITY,KIRKLAND ES,55,I001,122,55I001122
PUTNAM CITY,LAKE PARK ES,55,I001,124,55I001124
PUTNAM CITY,NORTHRIDGE ES,55,I001,125,55I001125
PUTNAM CITY,OVERHOLSER ES,55,I001,126,55I001126
PUTNAM CITY,ROLLINGWOOD ES,55,I001,127,55I001127
PUTNAM CITY,TULAKES ES,55,I001,128,55I001128
PUTNAM CITY,WESTERN OAKS ES,55,I001,130,55I001130
PUTNAM CITY,WILEY POST ES,55,I001,133,55I001133
PUTNAM CITY,WILL ROGERS ES,55,I001,134,55I001134
PUTNAM CITY,WINDSOR HILLS ES,55,I001,135,55I001135
PUTNAM CITY,JAMES L. CAPPS MS,55,I001,510,55I001510
Putnam City,James L.Capps MS,55,I001,510,55I001510
PUTNAM CITY,COOPER MS,55,I001,520,55I001520
PUTNAM CITY,HEFNER MS,55,I001,530,55I001530
PUTNAM CITY,MAYFIELD MS,55,I001,540,55I001540
PUTNAM CITY,WESTERN OAKS MS,55,I001,550,55I001550
PUTNAM CITY,PUTNAM CITY HS,55,I001,705,55I001705
PUTNAM CITY,PUTNAM CITY NORTH HS,55,I001,708,55I001708
PUTNAM CITY,PUTNAM CITY WEST HS,55,I001,710,55I001710
LUTHER,LUTHER ES,55,I003,105,55I003105
LUTHER,LUTHER MS,55,I003,505,55I003505
LUTHER,LUTHER HS,55,I003,705,55I003705
CHOCTAW-NICOMA PARK,INDIAN MERIDIAN ES,55,I004,103,55I004103
CHOCTAW-NICOMA PARK,CHOCTAW ES,55,I004,105,55I004105
CHOCTAW-NICOMA PARK,NICOMA PARK ES,55,I004,115,55I004115
CHOCTAW-NICOMA PARK,NICOMA PARK INTERMEDIATE ES,55,I004,120,55I004120
CHOCTAW-NICOMA PARK,JAMES GRIFFITH INTERMEDIATE ES,55,I004,125,55I004125
CHOCTAW-NICOMA PARK,L. W. WESTFALL ES,55,I004,126,55I004126
Choctaw-Nicoma Park,L.W.Westfall ES,55,I004,126,55I004126
CHOCTAW-NICOMA PARK,NICOMA PARK MS,55,I004,515,55I004515
CHOCTAW-NICOMA PARK,CHOCTAW MS,55,I004,520,55I004520
CHOCTAW-NICOMA PARK,CHOCTAW HS,55,I004,705,55I004705
DEER CREEK,DEER CREEK ES,55,I006,105,55I006105
DEER CREEK,PRAIRIE VALE ES,55,I006,110,55I006110
DEER CREEK,ROSE UNION ES,55,I006,115,55I006115
DEER CREEK,GROVE VALLEY ES,55,I006,120,55I006120
DEER CREEK,DEER CREEK INTERMEDIATE SCHOOL,55,I006,125,55I006125
DEER CREEK,SPRING CREEK ES,55,I006,130,55I006130
DEER CREEK,DEER CREEK MS,55,I006,505,55I006505
DEER CREEK,DEER CREEK HS,55,I006,705,55I006705
HARRAH,RUSSELL BABB ES,55,I007,105,55I007105
HARRAH,CLARA REYNOLDS ES,55,I007,110,55I007110
HARRAH,VIRGINIA SMITH ES,55,I007,115,55I007115
HARRAH,HARRAH MS,55,I007,505,55I007505
HARRAH,HARRAH JHS,55,I007,610,55I007610
HARRAH,HARRAH HS,55,I007,705,55I007705
JONES,JONES ES,55,I009,105,55I009105
JONES,JONES MS,55,I009,505,55I009505
JONES,JONES HS,55,I009,705,55I009705
EDMOND,CLEGERN ES,55,I012,105,55I012105
EDMOND,RUSSELL DOUGHERTY ES,55,I012,110,55I012110
EDMOND,IDA FREEMAN ES,55,I012,115,55I012115
EDMOND,NORTHERN HILLS ES,55,I012,122,55I012122
EDMOND,ORVIS RISNER ES,55,I012,125,55I012125
EDMOND,SUNSET ES,55,I012,130,55I012130
EDMOND,WILL ROGERS ES,55,I012,135,55I012135
EDMOND,CHISHOLM ES,55,I012,140,55I012140
EDMOND,JOHN ROSS ES,55,I012,145,55I012145
EDMOND,CHARLES HASKELL ES,55,I012,150,55I012150
EDMOND,CROSS TIMBERS ES,55,I012,155,55I012155
EDMOND,WASHINGTON IRVING ES,55,I012,160,55I012160
EDMOND,ANGIE DEBO ES,55,I012,165,55I012165
EDMOND,WEST FIELD ES,55,I012,170,55I012170
EDMOND,CENTENNIAL ES,55,I012,175,55I012175
EDMOND,FRONTIER ES,55,I012,180,55I012180
EDMOND,HERITAGE ES,55,I012,185,55I012185
EDMOND,CIMARRON MS,55,I012,505,55I012505
EDMOND,CHEYENNE MS,55,I012,510,55I012510
EDMOND,SEQUOYAH MS,55,I012,515,55I012515
EDMOND,SUMMIT MS,55,I012,520,55I012520
EDMOND,CENTRAL MS,55,I012,525,55I012525
EDMOND,MEMORIAL HS,55,I012,705,55I012705
EDMOND,NORTH HS,55,I012,715,55I012715
EDMOND,SANTA FE HS,55,I012,720,55I012720
MILLWOOD,MILLWOOD ES,55,I037,105,55I037105
MILLWOOD,MILLWOOD HS,55,I037,705,55I037705
WESTERN HEIGHTS,COUNCIL GROVE ES,55,I041,105,55I041105
WESTERN HEIGHTS,JOHN GLENN ES,55,I041,107,55I041107
WESTERN HEIGHTS,GREENVALE ES,55,I041,110,55I041110
WESTERN HEIGHTS,WINDS WEST ES,55,I041,115,55I041115
WESTERN HEIGHTS,BRIDGESTONE ES,55,I041,120,55I041120
WESTERN HEIGHTS,WESTERN HEIGHTS MS,55,I041,515,55I041515
WESTERN HEIGHTS,WESTERN HEIGHTS 9TH GRADE CTR,55,I041,610,55I041610
WESTERN HEIGHTS,WESTERN HEIGHTS HS,55,I041,705,55I041705
MIDWEST CITY-DEL CITY,BARNES ES,55,I052,105,55I052105
MIDWEST CITY-DEL CITY,CLEVELAND BAILEY ES,55,I052,110,55I052110
MIDWEST CITY-DEL CITY,COUNTRY ESTATES ES,55,I052,115,55I052115
MIDWEST CITY-DEL CITY,DEL CITY ES,55,I052,120,55I052120
Midwest City-Del City,East Side ES,55,I052,125,55I052125
MIDWEST CITY-DEL CITY,EPPERLY HEIGHTS ES,55,I052,130,55I052130
MIDWEST CITY-DEL CITY,PLEASANT HILL EC CTR,55,I052,135,55I052135
MIDWEST CITY-DEL CITY,HIGHLAND PARK ES,55,I052,140,55I052140
MIDWEST CITY-DEL CITY,RIDGECREST ES,55,I052,145,55I052145
MIDWEST CITY-DEL CITY,SOLDIER CREEK ES,55,I052,150,55I052150
Midwest City-Del City,Sooner-Rose ES,55,I052,155,55I052155
MIDWEST CITY-DEL CITY,STEED ES,55,I052,160,55I052160
MIDWEST CITY-DEL CITY,TINKER ES,55,I052,165,55I052165
MIDWEST CITY-DEL CITY,TOWNSEND ES,55,I052,170,55I052170
Midwest City-Del City,Traub ES,55,I052,175,55I052175
MIDWEST CITY-DEL CITY,PARKVIEW ES,55,I052,185,55I052185
MIDWEST CITY-DEL CITY,SCHWARTZ ES,55,I052,190,55I052190
MIDWEST CITY-DEL CITY,MIDWEST CITY ES,55,I052,195,55I052195
MIDWEST CITY-DEL CITY,CARL ALBERT MS,55,I052,505,55I052505
MIDWEST CITY-DEL CITY,DEL CREST MS,55,I052,510,55I052510
MIDWEST CITY-DEL CITY,JARMAN MS,55,I052,515,55I052515
MIDWEST CITY-DEL CITY,KERR MS,55,I052,520,55I052520
MIDWEST CITY-DEL CITY,MONRONEY MS,55,I052,525,55I052525
MIDWEST CITY-DEL CITY,CARL ALBERT HS,55,I052,705,55I052705
MIDWEST CITY-DEL CITY,DEL CITY HS,55,I052,710,55I052710
MIDWEST CITY-DEL CITY,MIDWEST CITY HS,55,I052,715,55I052715
CROOKED OAK,CENTRAL OAK ES,55,I053,105,55I053105
CROOKED OAK,CROOKED OAK MS,55,I053,505,55I053505
CROOKED OAK,CROOKED OAK HS,55,I053,705,55I053705
BETHANY,EARL HARRIS ES,55,I088,105,55I088105
BETHANY,CHILDREN'S CTR,55,I088,110,55I088110
BETHANY,BETHANY MS,55,I088,505,55I088505
BETHANY,BETHANY HS,55,I088,705,55I088705
OKLAHOMA CITY,ADAMS ES,55,I089,105,55I089105
OKLAHOMA CITY,ARTHUR ES,55,I089,110,55I089110
OKLAHOMA CITY,BODINE ES,55,I089,123,55I089123
OKLAHOMA CITY,BRITTON ES,55,I089,125,55I089125
OKLAHOMA CITY,BUCHANAN ES,55,I089,135,55I089135
OKLAHOMA CITY,CESAR CHAVEZ ES,55,I089,150,55I089150
OKLAHOMA CITY,CLEVELAND ES,55,I089,154,55I089154
Oklahoma City,Columbus ES,55,I089,160,55I089160
OKLAHOMA CITY,COOLIDGE ES,55,I089,165,55I089165
OKLAHOMA CITY,CAPITOL HILL ES,55,I089,166,55I089166
OKLAHOMA CITY,F.D. MOON ES,55,I089,170,55I089170
Oklahoma City,F.D.Moon ES,55,I089,170,55I089170
OKLAHOMA CITY,EDGEMERE ES,55,I089,195,55I089195
OKLAHOMA CITY,EDWARDS ES,55,I089,205,55I089205
OKLAHOMA CITY,EMERSON ALTERNATIVE ED. (ES),55,I089,210,55I089210
Oklahoma City,Emerson Alternative Ed.(Es),55,I089,210,55I089210
OKLAHOMA CITY,EUGENE FIELD ES,55,I089,215,55I089215
OKLAHOMA CITY,FILLMORE ES,55,I089,220,55I089220
OKLAHOMA CITY,GATEWOOD ES,55,I089,240,55I089240
OKLAHOMA CITY,GREEN PASTURES ES,55,I089,244,55I089244
OKLAHOMA CITY,GREYSTONE LOWER ES,55,I089,251,55I089251
OKLAHOMA CITY,GREYSTONE UPPER ES,55,I089,252,55I089252
OKLAHOMA CITY,HAWTHORNE ES,55,I089,255,55I089255
OKLAHOMA CITY,HAYES ES,55,I089,260,55I089260
OKLAHOMA CITY,HERONVILLE ES,55,I089,265,55I089265
OKLAHOMA CITY,HILLCREST ES,55,I089,268,55I089268
OKLAHOMA CITY,HORACE MANN ES,55,I089,270,55I089270
OKLAHOMA CITY,JACKSON ES,55,I089,273,55I089273
OKLAHOMA CITY,JOHNSON ES,55,I089,275,55I089275
OKLAHOMA CITY,KAISER ES,55,I089,280,55I089280
OKLAHOMA CITY,M.L. KING JR. ES,55,I089,283,55I089283
Oklahoma City,M.L.King Jr.Es,55,I089,283,55I089283
OKLAHOMA CITY,LEE ES,55,I089,295,55I089295
OKLAHOMA CITY,LINWOOD ES,55,I089,305,55I089305
OKLAHOMA CITY,MARK TWAIN ES,55,I089,320,55I089320
OKLAHOMA CITY,MONROE ES,55,I089,335,55I089335
OKLAHOMA CITY,NICHOLS HILLS ES,55,I089,340,55I089340
OKLAHOMA CITY,NORTH HIGHLAND ES,55,I089,343,55I089343
OKLAHOMA CITY,OAKRIDGE ES,55,I089,344,55I089344
OKLAHOMA CITY,THELMA R. PARKS ES,55,I089,350,55I089350
Oklahoma City,Thelma R.Parks ES,55,I089,350,55I089350
OKLAHOMA CITY,PARMELEE ES,55,I089,352,55I089352
OKLAHOMA CITY,PIERCE ES,55,I089,353,55I089353
OKLAHOMA CITY,PRAIRIE QUEEN ES,55,I089,360,55I089360
OKLAHOMA CITY,PUTNAM HEIGHTS ES,55,I089,365,55I089365
OKLAHOMA CITY,QUAIL CREEK ES,55,I089,368,55I089368
OKLAHOMA CITY,RANCHO VILLAGE ES,55,I089,370,55I089370
OKLAHOMA CITY,RIDGEVIEW ES,55,I089,375,55I089375
OKLAHOMA CITY,ROCKWOOD ES,55,I089,385,55I089385
OKLAHOMA CITY,SEQUOYAH ES,55,I089,395,55I089395
OKLAHOMA CITY,SHIDLER ES,55,I089,400,55I089400
OKLAHOMA CITY,SOUTHERN HILLS ES,55,I089,407,55I089407
OKLAHOMA CITY,SPENCER ES,55,I089,408,55I089408
OKLAHOMA CITY,STAND WATIE ES,55,I089,410,55I089410
OKLAHOMA CITY,TELSTAR ES,55,I089,417,55I089417
OKLAHOMA CITY,VAN BUREN ES,55,I089,440,55I089440
OKLAHOMA CITY,WEST NICHOLS HILLS ES,55,I089,455,55I089455
OKLAHOMA CITY,WESTWOOD ES,55,I089,460,55I089460
OKLAHOMA CITY,WHEELER ES,55,I089,465,55I089465
OKLAHOMA CITY,WILLOW BROOK ES,55,I089,477,55I089477
OKLAHOMA CITY,WILSON ES,55,I089,480,55I089480
OKLAHOMA CITY,BELLE ISLE MS,55,I089,503,55I089503
OKLAHOMA CITY,CLASSEN MS OF ADVANCED STUDIES,55,I089,508,55I089508
OKLAHOMA CITY,EMERSON ALTERNATIVE ED. (MS),55,I089,511,55I089511
Oklahoma City,Emerson Alternative Ed.(Ms),55,I089,511,55I089511
OKLAHOMA CITY,DOUGLASS MS,55,I089,512,55I089512
Oklahoma City,Jackson MS,55,I089,515,55I089515
OKLAHOMA CITY,JEFFERSON MS,55,I089,518,55I089518
OKLAHOMA CITY,NORTHEAST MS,55,I089,521,55I089521
OKLAHOMA CITY,ROGERS MS,55,I089,522,55I089522
OKLAHOMA CITY,ROOSEVELT MS,55,I089,523,55I089523
OKLAHOMA CITY,TAFT MS,55,I089,525,55I089525
OKLAHOMA CITY,WEBSTER MS,55,I089,530,55I089530
OKLAHOMA CITY,JOHN MARSHALL MS,55,I089,535,55I089535
OKLAHOMA CITY,OKLAHOMA CENTENNIAL MS,55,I089,540,55I089540
OKLAHOMA CITY,CAPITOL HILL HS,55,I089,705,55I089705
OKLAHOMA CITY,CLASSEN HS OF ADVANCED STUDIES,55,I089,706,55I089706
OKLAHOMA CITY,DOUGLASS HS,55,I089,707,55I089707
OKLAHOMA CITY,EMERSON ALTERNATIVE ED. (HS),55,I089,710,55I089710
Oklahoma City,Emerson Alternative Ed.(Hs),55,I089,710,55I089710
OKLAHOMA CITY,U. S. GRANT HS,55,I089,712,55I089712
Oklahoma City,U.S.Grant HS,55,I089,712,55I089712
OKLAHOMA CITY,JOHN MARSHALL HS,55,I089,726,55I089726
OKLAHOMA CITY,OKLAHOMA CENTENNIAL HS,55,I089,750,55I089750
OKLAHOMA CITY,NORTHEAST HS,55,I089,760,55I089760
OKLAHOMA CITY,NORTHWEST CLASSEN HS,55,I089,765,55I089765
OKLAHOMA CITY,SOUTHEAST HS,55,I089,770,55I089770
OKLAHOMA CITY,STAR SPENCER HS,55,I089,780,55I089780
OKLAHOMA YOUTH ACADEMY,OYA CHARTER TECUMSEH 6TH-8TH,55,J001,971,55J001971
OKLAHOMA YOUTH ACADEMY,OYA CHARTER TECUMSEH 9TH-12TH,55,J001,972,55J001972
OKLAHOMA YOUTH ACADEMY,OYA CHARTER MANITOU 6TH-8TH,55,J001,974,55J001974
OKLAHOMA YOUTH ACADEMY,OYA CHARTER MANITOU 9TH-12TH,55,J001,975,55J001975
EPIC ONE ON ONE CHARTER SCHOOL,EPIC ONE ON ONE CHARTER ES,55,Z001,970,55Z001970
EPIC ONE ON ONE CHARTER SCHOOL,EPIC ONE ON ONE CHARTER MS,55,Z001,971,55Z001971
EPIC ONE ON ONE CHARTER SCHOOL,EPIC ONE ON ONE CHARTER HS,55,Z001,972,55Z001972
OKLAHOMA VIRTUAL CHARTER ACAD,OKLA. VIRTUAL CHARTER ACAD ES,55,Z002,970,55Z002970
OKLAHOMA VIRTUAL CHARTER ACAD,OKLA. VIRTUAL CHARTER ACAD MS,55,Z002,971,55Z002971
OKLAHOMA VIRTUAL CHARTER ACAD,OKLA. VIRTUAL CHARTER ACAD HS,55,Z002,972,55Z002972
OKLAHOMA CONNECTIONS ACADEMY,OKLAHOMA CONNECTIONS ACAD ES,55,Z003,970,55Z003970
OKLAHOMA CONNECTIONS ACADEMY,OKLAHOMA CONNECTIONS ACAD MS,55,Z003,971,55Z003971
OKLAHOMA CONNECTIONS ACADEMY,OKLAHOMA CONNECTIONS ACAD HS,55,Z003,972,55Z003972
INSIGHT SCHOOL OF OKLAHOMA,INSIGHT SCHOOL OF OKLAHOMA MS,55,Z004,971,55Z004971
INSIGHT SCHOOL OF OKLAHOMA,INSIGHT SCHOOL OF OKLAHOMA HS,55,Z004,972,55Z004972
ABLE CHARTER ABLE LEARNING,ABLE CHARTER SCHOOL 6TH-8TH,55,Z005,971,55Z005971
ABLE CHARTER ABLE LEARNING,ABLE CHARTER SCHOOL 9TH-12TH,55,Z005,972,55Z005972
TWIN HILLS,TWIN HILLS PUBLIC SCHOOL,56,C011,105,56C011105
OKMULGEE,OKMULGEE ES,56,I001,130,56I001130
OKMULGEE,OKMULGEE PRIMARY ES,56,I001,140,56I001140
OKMULGEE,OKMULGEE MS,56,I001,505,56I001505
OKMULGEE,OKMULGEE HS,56,I001,705,56I001705
HENRYETTA,HENRYETTA ES,56,I002,105,56I002105
HENRYETTA,HENRYETTA MS,56,I002,505,56I002505
HENRYETTA,HENRYETTA HS,56,I002,705,56I002705
MORRIS,MORRIS ES,56,I003,105,56I003105
MORRIS,MORRIS MS,56,I003,505,56I003505
MORRIS,MORRIS HS,56,I003,705,56I003705
BEGGS,BEGGS ES,56,I004,105,56I004105
Beggs,Beggs Upper ES,56,I004,405,56I004405
BEGGS,BEGGS MS,56,I004,505,56I004505
BEGGS,BEGGS HS,56,I004,705,56I004705
PRESTON,PRESTON ES,56,I005,110,56I005110
PRESTON,PRESTON HS,56,I005,705,56I005705
SCHULTER,SCHULTER ES,56,I006,105,56I006105
SCHULTER,SCHULTER HS,56,I006,705,56I006705
WILSON,WILSON ES,56,I007,105,56I007105
WILSON,WILSON HS,56,I007,705,56I007705
DEWAR,DEWAR ES,56,I008,105,56I008105
DEWAR,DEWAR MS,56,I008,515,56I008515
DEWAR,DEWAR HS,56,I008,715,56I008715
OSAGE HILLS,OSAGE HILLS PUBLIC SCHOOL,57,C003,105,57C003105
BOWRING,BOWRING PUBLIC SCHOOL,57,C007,105,57C007105
AVANT,AVANT PUBLIC SCHOOL,57,C035,105,57C035105
ANDERSON,ANDERSON PUBLIC SCHOOL,57,C052,105,57C052105
MCCORD,MCCORD PUBLIC SCHOOL,57,C077,105,57C077105
PAWHUSKA,INDIAN CAMP ES,57,I002,110,57I002110
PAWHUSKA,PAWHUSKA ES,57,I002,115,57I002115
Pawhuska,Pawhuska JHS,57,I002,610,57I002610
PAWHUSKA,PAWHUSKA HS,57,I002,705,57I002705
SHIDLER,WARD ES,57,I011,105,57I011105
SHIDLER,SHIDLER MS,57,I011,505,57I011505
SHIDLER,SHIDLER HS,57,I011,715,57I011715
BARNSDALL,BARNSDALL ES,57,I029,105,57I029105
BARNSDALL,BARNSDALL JHS,57,I029,615,57I029615
BARNSDALL,BARNSDALL HS,57,I029,715,57I029715
WYNONA,WYNONA ES,57,I030,105,57I030105
WYNONA,WYNONA HS,57,I030,705,57I030705
HOMINY,HORACE MANN ES,57,I038,105,57I038105
HOMINY,HOMINY EARLY CHILDHOOD CENTER,57,I038,110,57I038110
HOMINY,HOMINY MS,57,I038,505,57I038505
HOMINY,HOMINY HS,57,I038,705,57I038705
PRUE,PRUE ES,57,I050,105,57I050105
PRUE,PRUE HS,57,I050,705,57I050705
WOODLAND,WOODLAND ES,57,I090,105,57I090105
WOODLAND,WOODLAND UPPER ES,57,I090,110,57I090110
WOODLAND,WOODLAND HS,57,I090,705,57I090705
TURKEY FORD,TURKEY FORD PUBLIC SCHOOL,58,C010,105,58C010105
WYANDOTTE,WYANDOTTE ES,58,I001,105,58I001105
WYANDOTTE,WYANDOTTE MS,58,I001,505,58I001505
WYANDOTTE,WYANDOTTE HS,58,I001,715,58I001715
QUAPAW,QUAPAW ES,58,I014,105,58I014105
QUAPAW,QUAPAW MS,58,I014,510,58I014510
QUAPAW,QUAPAW HS,58,I014,705,58I014705
COMMERCE,ALEXANDER ES,58,I018,105,58I018105
COMMERCE,COMMERCE MS,58,I018,505,58I018505
COMMERCE,COMMERCE HS,58,I018,705,58I018705
MIAMI,NICHOLS ES,58,I023,110,58I023110
MIAMI,ROCKDALE ES,58,I023,115,58I023115
MIAMI,ROOSEVELT ES,58,I023,120,58I023120
MIAMI,WASHINGTON ES,58,I023,130,58I023130
MIAMI,WILSON ES,58,I023,135,58I023135
MIAMI,NICHOLS UPPER ES,58,I023,140,58I023140
MIAMI,WILL ROGERS MS,58,I023,505,58I023505
MIAMI,MIAMI HS,58,I023,705,58I023705
AFTON,AFTON ES,58,I026,105,58I026105
AFTON,AFTON HS,58,I026,705,58I026705
FAIRLAND,FAIRLAND ES,58,I031,105,58I031105
FAIRLAND,FAIRLAND MS,58,I031,510,58I031510
FAIRLAND,FAIRLAND HS,58,I031,705,58I031705
JENNINGS,JENNINGS PUBLIC SCHOOL,59,C002,105,59C002105
PAWNEE,PAWNEE ES,59,I001,105,59I001105
PAWNEE,PAWNEE MS,59,I001,505,59I001505
PAWNEE,PAWNEE HS,59,I001,705,59I001705
CLEVELAND,CLEVELAND PRIMARY ES,59,I006,105,59I006105
CLEVELAND,CLEVELAND INTERMEDIATE ES,59,I006,115,59I006115
CLEVELAND,CLEVELAND MS,59,I006,505,59I006505
CLEVELAND,CLEVELAND HS,59,I006,705,59I006705
OAK GROVE,OAK GROVE PUBLIC SCHOOL,60,C104,105,60C104105
RIPLEY,RIPLEY ES,60,I003,105,60I003105
RIPLEY,RIPLEY HS,60,I003,705,60I003705
STILLWATER,HIGHLAND PARK ES,60,I016,105,60I016105
STILLWATER,SANGRE RIDGE ES,60,I016,115,60I016115
STILLWATER,SKYLINE ES,60,I016,120,60I016120
STILLWATER,WESTWOOD ES,60,I016,125,60I016125
STILLWATER,WILL ROGERS ES,60,I016,130,60I016130
STILLWATER,RICHMOND ES,60,I016,135,60I016135
STILLWATER,STILLWATER MS,60,I016,505,60I016505
STILLWATER,STILLWATER JHS,60,I016,610,60I016610
STILLWATER,STILLWATER HS,60,I016,705,60I016705
PERKINS-TRYON,PERKINS-TRYON ES,60,I056,105,60I056105
PERKINS-TRYON,PERKINS-TRYON INTERMEDIATE ES,60,I056,110,60I056110
PERKINS-TRYON,PERKINS-TRYON MS,60,I056,510,60I056510
PERKINS-TRYON,PERKINS-TRYON HS,60,I056,705,60I056705
CUSHING,HARRISON ES,60,I067,110,60I067110
CUSHING,CUSHING PRE-KINDERGARTEN SCHL,60,I067,120,60I067120
CUSHING,WILSON SCHOOL,60,I067,120,60I067120
CUSHING,SUNNYSIDE ES,60,I067,125,60I067125
CUSHING,HARMONY ES,60,I067,130,60I067130
CUSHING,DEEP ROCK ES,60,I067,135,60I067135
CUSHING,CUSHING LOWER ES,60,I067,140,60I067140
CUSHING,CUSHING UPPER ES,60,I067,145,60I067145
CUSHING,CUSHING MS,60,I067,505,60I067505
CUSHING,CUSHING HS,60,I067,705,60I067705
GLENCOE,GLENCOE ES,60,I101,105,60I101105
GLENCOE,GLENCOE HS,60,I101,705,60I101705
YALE,YALE ES,60,I103,105,60I103105
YALE,YALE MS,60,I103,505,60I103505
YALE,YALE JHS,60,I103,615,60I103615
YALE,YALE HS,60,I103,715,60I103715
KREBS,KREBS PUBLIC SCHOOL,61,C009,105,61C009105
FRINK-CHAMBERS,FRINK-CHAMBERS PUBLIC SCHOOL,61,C029,105,61C029105
TANNEHILL,TANNEHILL PUBLIC SCHOOL,61,C056,105,61C056105
HAYWOOD,HAYWOOD PUBLIC SCHOOL,61,C088,105,61C088105
HARTSHORNE,HARTSHORNE ES,61,I001,105,61I001105
HARTSHORNE,HARTSHORNE MS,61,I001,510,61I001510
HARTSHORNE,HARTSHORNE JHS,61,I001,610,61I001610
HARTSHORNE,HARTSHORNE HS,61,I001,705,61I001705
CANADIAN,CANADIAN ES,61,I002,105,61I002105
Canadian,Carlton Landing Academy ES,61,I002,110,61I002110
CANADIAN,CANADIAN HS,61,I002,705,61I002705
HAILEYVILLE,HAILEYVILLE ES,61,I011,105,61I011105
HAILEYVILLE,HAILEYVILLE HS,61,I011,705,61I011705
KIOWA,KIOWA ES,61,I014,105,61I014105
KIOWA,KIOWA HS,61,I014,715,61I014715
QUINTON,QUINTON ES,61,I017,105,61I017105
QUINTON,QUINTON HS,61,I017,715,61I017715
INDIANOLA,INDIANOLA ES,61,I025,105,61I025105
INDIANOLA,INDIANOLA HS,61,I025,715,61I025715
CROWDER,CROWDER ES,61,I028,105,61I028105
CROWDER,CROWDER HS,61,I028,705,61I028705
SAVANNA,SAVANNA ES,61,I030,105,61I030105
SAVANNA,SAVANNA HS,61,I030,705,61I030705
PITTSBURG,PITTSBURG ES,61,I063,105,61I063105
PITTSBURG,PITTSBURG HS,61,I063,705,61I063705
MCALESTER,EDMOND DOYLE ES,61,I080,105,61I080105
MCALESTER,EMERSON ES,61,I080,110,61I080110
MCALESTER,WILLIAM GAY EC CTR,61,I080,120,61I080120
MCALESTER,JEFFERSON EC CTR,61,I080,125,61I080125
MCALESTER,WILL ROGERS ES,61,I080,130,61I080130
MCALESTER,WASHINGTON EC CTR,61,I080,135,61I080135
MCALESTER,PARKER INTERMEDIATE CTR,61,I080,150,61I080150
MCALESTER,PUTERBAUGH MS,61,I080,510,61I080510
MCALESTER,MCALESTER HS,61,I080,705,61I080705
ALLEN,ALLEN ES,62,I001,105,62I001105
ALLEN,ALLEN HS,62,I001,705,62I001705
VANOSS,VANOSS ES,62,I009,105,62I009105
VANOSS,VANOSS HS,62,I009,705,62I009705
BYNG,BYNG ES,62,I016,105,62I016105
BYNG,HOMER ES,62,I016,110,62I016110
BYNG,FRANCIS ES,62,I016,115,62I016115
BYNG,BYNG JHS,62,I016,610,62I016610
BYNG,BYNG HS,62,I016,705,62I016705
ADA,ADA EC CTR,62,I019,105,62I019105
ADA,HAYES ES,62,I019,110,62I019110
ADA,WASHINGTON ES,62,I019,125,62I019125
ADA,WILLARD ES,62,I019,130,62I019130
ADA,ADA JHS,62,I019,610,62I019610
ADA,ADA HS,62,I019,705,62I019705
LATTA,LATTA ES,62,I024,105,62I024105
LATTA,LATTA MS,62,I024,510,62I024510
LATTA,LATTA HS,62,I024,705,62I024705
STONEWALL,STONEWALL ES,62,I030,105,62I030105
STONEWALL,MCLISH MS,62,I030,515,62I030515
STONEWALL,STONEWALL HS,62,I030,705,62I030705
ROFF,ROFF ES,62,I037,105,62I037105
ROFF,ROFF HS,62,I037,705,62I037705
NORTH ROCK CREEK,NORTH ROCK CREEK PUBLIC SCHOOL,63,C010,105,63C010105
GROVE,GROVE PUBLIC SCHOOL,63,C027,105,63C027105
PLEASANT GROVE,PLEASANT GROVE PUBLIC SCHOOL,63,C029,105,63C029105
SOUTH ROCK CREEK,SOUTH ROCK CREEK PUBLIC SCHOOL,63,C032,105,63C032105
MCLOUD,MCLOUD ES,63,I001,105,63I001105
MCLOUD,MCLOUD JHS,63,I001,610,63I001610
MCLOUD,MCLOUD HS,63,I001,705,63I001705
DALE,DALE ES,63,I002,105,63I002105
DALE,DALE MS,63,I002,510,63I002510
DALE,DALE HS,63,I002,705,63I002705
BETHEL,BETHEL ES,63,I003,105,63I003105
BETHEL,BETHEL MS,63,I003,505,63I003505
BETHEL,BETHEL HS,63,I003,705,63I003705
MACOMB,MACOMB ES,63,I004,110,63I004110
MACOMB,MACOMB HS,63,I004,705,63I004705
EARLSBORO,EARLSBORO ES,63,I005,105,63I005105
EARLSBORO,EARLSBORO HS,63,I005,705,63I005705
TECUMSEH,BARNARD ES,63,I092,105,63I092105
TECUMSEH,KROUCH ES,63,I092,115,63I092115
TECUMSEH,CROSS TIMBERS ES,63,I092,120,63I092120
TECUMSEH,TECUMSEH MS,63,I092,505,63I092505
TECUMSEH,JUVENILE CTR,63,I092,705,63I092705
TECUMSEH,TECUMSEH HS,63,I092,710,63I092710
SHAWNEE,SHAWNEE EC CTR,63,I093,110,63I093110
SHAWNEE,HORACE MANN ES,63,I093,120,63I093120
SHAWNEE,JEFFERSON ES,63,I093,130,63I093130
SHAWNEE,SEQUOYAH ES,63,I093,137,63I093137
SHAWNEE,WILL ROGERS ES,63,I093,145,63I093145
SHAWNEE,SHAWNEE MS,63,I093,505,63I093505
SHAWNEE,SHAWNEE HS,63,I093,705,63I093705
ASHER,ASHER ES,63,I112,105,63I112105
ASHER,ASHER HS,63,I112,705,63I112705
WANETTE,WANETTE ES,63,I115,105,63I115105
WANETTE,WANETTE HS,63,I115,705,63I115705
MAUD,MAUD ES,63,I117,105,63I117105
MAUD,MAUD HS,63,I117,705,63I117705
ALBION,ALBION PUBLIC SCHOOL,64,C002,105,64C002105
TUSKAHOMA,TUSKAHOMA PUBLIC SCHOOL,64,C004,105,64C004105
NASHOBA,NASHOBA PUBLIC SCHOOL,64,C015,105,64C015105
RATTAN,RATTAN ES,64,I001,105,64I001105
RATTAN,RATTAN JHS,64,I001,610,64I001610
RATTAN,RATTAN HS,64,I001,705,64I001705
CLAYTON,CRAIN ES,64,I010,105,64I010105
CLAYTON,CLAYTON HS,64,I010,705,64I010705
ANTLERS,BRANTLY ES,64,I013,105,64I013105
ANTLERS,OBUCH MS,64,I013,510,64I013510
ANTLERS,ANTLERS HS,64,I013,705,64I013705
MOYERS,MOYERS ES,64,I022,105,64I022105
MOYERS,MOYERS HS,64,I022,705,64I022705
LEEDEY,LEEDEY ES,65,I003,105,65I003105
LEEDEY,LEEDEY HS,65,I003,705,65I003705
REYDON,REYDON ES,65,I006,105,65I006105
REYDON,REYDON HS,65,I006,705,65I006705
CHEYENNE,CHEYENNE ES,65,I007,105,65I007105
CHEYENNE,CHEYENNE HS,65,I007,705,65I007705
SWEETWATER,SWEETWATER ES,65,I015,105,65I015105
SWEETWATER,SWEETWATER HS,65,I015,705,65I015705
HAMMON,HAMMON ES,65,I066,105,65I066105
HAMMON,HAMMON HS,65,I066,705,65I066705
JUSTUS-TIAWAH,JUSTUS-TIAWAH PUBLIC SCHOOL,66,C009,105,66C009105
CLAREMORE,CLAREMONT ES,66,I001,105,66I001105
CLAREMORE,ROOSA ES,66,I001,110,66I001110
CLAREMORE,WESTSIDE ES,66,I001,115,66I001115
CLAREMORE,CATALAYAH ES,66,I001,135,66I001135
CLAREMORE,WILL ROGERS JHS,66,I001,610,66I001610
CLAREMORE,CLAREMORE HS,66,I001,705,66I001705
CATOOSA,J. W. SAM ES,66,I002,105,66I002105
Catoosa,J.W.Sam ES,66,I002,105,66I002105
CATOOSA,CHEROKEE ES,66,I002,110,66I002110
CATOOSA,HELEN PAUL LEARNING CTR,66,I002,115,66I002115
CATOOSA,WELLS MS,66,I002,510,66I002510
CATOOSA,CATOOSA HS,66,I002,705,66I002705
CHELSEA,ART GOAD ES,66,I003,110,66I003110
CHELSEA,CHELSEA MS,66,I003,510,66I003510
CHELSEA,CHELSEA HS,66,I003,705,66I003705
OOLOGAH-TALALA,OOLOGAH-TALALA LOWER ES,66,I004,105,66I004105
OOLOGAH-TALALA,OOLOGAH-TALALA UPPER ES,66,I004,205,66I004205
OOLOGAH-TALALA,OOLOGAH-TALALA MS,66,I004,505,66I004505
OOLOGAH-TALALA,OOLOGAH-TALALA HS,66,I004,705,66I004705
INOLA,INOLA ES,66,I005,105,66I005105
INOLA,INOLA MS,66,I005,515,66I005515
INOLA,INOLA HS,66,I005,715,66I005715
SEQUOYAH,SEQUOYAH ES,66,I006,105,66I006105
SEQUOYAH,SEQUOYAH MS,66,I006,510,66I006510
SEQUOYAH,SEQUOYAH HS,66,I006,705,66I006705
FOYIL,FOYIL ES,66,I007,105,66I007105
FOYIL,FOYIL JHS,66,I007,610,66I007610
FOYIL,FOYIL HS,66,I007,705,66I007705
VERDIGRIS,VERDIGRIS ES,66,I008,105,66I008105
VERDIGRIS,VERDIGRIS UPPER ES,66,I008,305,66I008305
VERDIGRIS,VERDIGRIS JHS,66,I008,615,66I008615
VERDIGRIS,VERDIGRIS HS,66,I008,705,66I008705
JUSTICE,JUSTICE PUBLIC SCHOOL,67,C054,105,67C054105
SEMINOLE,WILSON ES,67,I001,105,67I001105
SEMINOLE,NORTHWOOD ES,67,I001,110,67I001110
SEMINOLE,SEMINOLE MS,67,I001,505,67I001505
SEMINOLE,SEMINOLE HS,67,I001,715,67I001715
WEWOKA,WEWOKA ES,67,I002,105,67I002105
WEWOKA,WEWOKA LEARNING CENTER,67,I002,110,67I002110
WEWOKA,WEWOKA MS,67,I002,510,67I002510
WEWOKA,WEWOKA HS,67,I002,705,67I002705
BOWLEGS,BOWLEGS ES,67,I003,105,67I003105
BOWLEGS,BOWLEGS HS,67,I003,705,67I003705
KONAWA,KONAWA ES,67,I004,105,67I004105
KONAWA,KONAWA MS,67,I004,510,67I004510
KONAWA,KONAWA HS,67,I004,705,67I004705
NEW LIMA,NEW LIMA ES,67,I006,110,67I006110
NEW LIMA,NEW LIMA HS,67,I006,705,67I006705
VARNUM,VARNUM ES,67,I007,105,67I007105
VARNUM,VARNUM HS,67,I007,705,67I007705
SASAKWA,SASAKWA ES,67,I010,105,67I010105
SASAKWA,SASAKWA HS,67,I010,705,67I010705
STROTHER,STROTHER ES,67,I014,105,67I014105
STROTHER,STROTHER HS,67,I014,705,67I014705
BUTNER,BUTNER ES,67,I015,105,67I015105
BUTNER,BUTNER HS,67,I015,705,67I015705
LIBERTY,LIBERTY PUBLIC SCHOOL,68,C001,105,68C001105
MARBLE CITY,MARBLE CITY PUBLIC SCHOOL,68,C035,105,68C035105
BRUSHY,BRUSHY PUBLIC SCHOOL,68,C036,105,68C036105
BELFONTE,BELFONTE PUBLIC SCHOOL,68,C050,105,68C050105
BELFONTE,BELFONTE BELL ES (ADAIR CNTY),68,C050,110,68C050110
MOFFETT,MOFFETT PUBLIC SCHOOL,68,C068,105,68C068105
SALLISAW,LIBERTY ES,68,I001,105,68I001105
SALLISAW,EASTSIDE ES,68,I001,110,68I001110
SALLISAW,TOMMIE SPEAR MS,68,I001,510,68I001510
SALLISAW,SALLISAW HS,68,I001,705,68I001705
VIAN,VIAN ES,68,I002,105,68I002105
VIAN,VIAN MS,68,I002,505,68I002505
VIAN,VIAN HS,68,I002,705,68I002705
MULDROW,MULDROW ES,68,I003,110,68I003110
MULDROW,MULDROW MS,68,I003,510,68I003510
MULDROW,MULDROW HS,68,I003,705,68I003705
GANS,GANS ES,68,I004,105,68I004105
GANS,GANS HS,68,I004,715,68I004715
ROLAND,ROLAND ES,68,I005,105,68I005105
ROLAND,ROLAND JHS,68,I005,610,68I005610
ROLAND,ROLAND HS,68,I005,705,68I005705
GORE,GORE ES,68,I006,105,68I006105
GORE,GORE UPPER ES,68,I006,115,68I006115
GORE,GORE HS,68,I006,715,68I006715
CENTRAL,CENTRAL ES,68,I007,105,68I007105
CENTRAL,CENTRAL HS,68,I007,705,68I007705
GRANDVIEW,GRANDVIEW PUBLIC SCHOOL,69,C082,105,69C082105
DUNCAN,EMERSON ES,69,I001,110,69I001110
DUNCAN,HORACE MANN ES,69,I001,125,69I001125
DUNCAN,WILL ROGERS PRE-K CTR,69,I001,130,69I001130
DUNCAN,MARK TWAIN ES,69,I001,135,69I001135
DUNCAN,WOODROW WILSON ES,69,I001,140,69I001140
DUNCAN,PLATO ES,69,I001,145,69I001145
DUNCAN,DUNCAN MS,69,I001,505,69I001505
DUNCAN,DUNCAN HS,69,I001,705,69I001705
COMANCHE,COMANCHE ES,69,I002,105,69I002105
COMANCHE,COMANCHE MS,69,I002,510,69I002510
COMANCHE,COMANCHE HS,69,I002,705,69I002705
MARLOW,MARLOW ES,69,I003,105,69I003105
MARLOW,MARLOW MS,69,I003,505,69I003505
MARLOW,MARLOW HS,69,I003,705,69I003705
VELMA-ALMA,VELMA-ALMA ES,69,I015,105,69I015105
VELMA-ALMA,VELMA-ALMA MS,69,I015,505,69I015505
VELMA-ALMA,VELMA-ALMA HS,69,I015,715,69I015715
EMPIRE,EMPIRE ES,69,I021,105,69I021105
EMPIRE,EMPIRE JHS,69,I021,605,69I021605
EMPIRE,EMPIRE HS,69,I021,715,69I021715
CENTRAL HIGH,CENTRAL HIGH ES,69,I034,105,69I034105
CENTRAL HIGH,CENTRAL HIGH JHS,69,I034,600,69I034600
CENTRAL HIGH,CENTRAL HIGH HS,69,I034,705,69I034705
BRAY-DOYLE,BRAY-DOYLE ES,69,I042,105,69I042105
BRAY-DOYLE,BRAY-DOYLE HS,69,I042,705,69I042705
OPTIMA,OPTIMA PUBLIC SCHOOL,70,C009,105,70C009105
STRAIGHT,STRAIGHT PUBLIC SCHOOL,70,C080,105,70C080105
YARBROUGH,YARBROUGH ES,70,I001,105,70I001105
YARBROUGH,YARBROUGH HS,70,I001,705,70I001705
GUYMON,ACADEMY ES,70,I008,105,70I008105
GUYMON,NORTHEAST ES,70,I008,115,70I008115
GUYMON,HOMER LONG ES,70,I008,120,70I008120
GUYMON,SALYER ES,70,I008,125,70I008125
GUYMON,CARRIER ES,70,I008,130,70I008130
GUYMON,NORTH PARK ES,70,I008,135,70I008135
GUYMON,PRAIRIE ES,70,I008,140,70I008140
GUYMON,CENTRAL JHS,70,I008,610,70I008610
GUYMON,GUYMON HS,70,I008,705,70I008705
HARDESTY,HARDESTY ES,70,I015,105,70I015105
HARDESTY,HARDESTY HS,70,I015,705,70I015705
HOOKER,HOOKER ES,70,I023,105,70I023105
HOOKER,HOOKER HS,70,I023,715,70I023715
TYRONE,TYRONE ES,70,I053,105,70I053105
TYRONE,TYRONE HS,70,I053,705,70I053705
GOODWELL,GOODWELL ES,70,I060,105,70I060105
GOODWELL,GOODWELL HS,70,I060,705,70I060705
TEXHOMA,TEXHOMA ES,70,I061,105,70I061105
TEXHOMA,TEXHOMA HS,70,I061,705,70I061705
TIPTON,TIPTON ES,71,I008,115,71I008115
TIPTON,TIPTON HS,71,I008,715,71I008715
DAVIDSON,DAVIDSON ES,71,I009,105,71I009105
DAVIDSON,DAVIDSON HS,71,I009,705,71I009705
FREDERICK,FREDERICK ES,71,I158,105,71I158105
FREDERICK,FREDERICK MS,71,I158,505,71I158505
FREDERICK,FREDERICK HS,71,I158,710,71I158710
GRANDFIELD,GRANDFIELD ES,71,I249,105,71I249105
GRANDFIELD,GRANDFIELD HS,71,I249,715,71I249715
KEYSTONE,KEYSTONE PUBLIC SCHOOL,72,C015,105,72C015105
SANKOFA MIDDLE SCHL (CHARTER),SANKOFA MIDDLE SCHOOL,72,E004,974,72G004974
TULSA CHARTER: SCHL ARTS/SCI.,TULSA SCHL OF ARTS/SCIENCES,72,E004,974,72E004974
TULSA CHARTER: KIPP TULSA,KIPP TULSA ACAD. COLLEGE PREP.,72,E005,975,72E005975
Tulsa Charter: Kipp Tulsa,Kipp Tulsa Acad.College Prep.,72,E005,975,72E005975
TULSA CHARTER: LIGHTHOUSE ACAD,LIGHTHOUSE ACADEMIES OF TULSA,72,E006,976,72E006976
TULSA CHARTER: COLLEGE BOUND,COLLEGE BOUND ACADEMY CHARTER,72,E017,977,72E017977
TULSA CHARTER: HONOR ACADEMY,TULSA HONOR ACADEMY CHARTER,72,E018,978,72E018978
TULSA CHARTER: COLLEGIATE HALL,COLLEGIATE HALL CHARTER SCHOOL,72,E019,979,72E019979
DEBORAH BROWN (CHARTER),DEBORAH BROWN COMMUNITY SCHOOL,72,G001,972,72G001972
DISCOVERY SCHOOLS OF TULSA,DISCOVERY SCHOOL OF TULSA,72,G003,971,72G003971
DISCOVERY SCHOOLS OF TULSA,DOVE SCIENCE ACADEMY (TULSA),72,G003,972,72G003972
SANKOFA MIDDLE SCHL (CHARTER),SANKOFA MIDDLE SCHOOL,72,G004,974,72G004974
LANGSTON HUGHES ACAD ARTS-TECH,LANGSTON HUGHES ACAD ARTS-TECH,72,G005,975,72G005975
TULSA,ACADEMY CENTRAL ES,72,I001,103,72I001103
TULSA,ANDERSON ES,72,I001,111,72I001111
TULSA,HENRY ZARROW INTERNATIONAL SCH,72,I001,112,72I001112
TULSA,BELL ES,72,I001,118,72I001118
TULSA,BURROUGHS ES,72,I001,135,72I001135
TULSA,CARNEGIE ES,72,I001,140,72I001140
TULSA,CELIA CLINTON ES,72,I001,145,72I001145
TULSA,CHOUTEAU ES,72,I001,155,72I001155
TULSA,COLUMBUS ES,72,I001,156,72I001156
TULSA,COOPER ES,72,I001,158,72I001158
TULSA,DUAL LANGUAGE ACADEMY,72,I001,163,72I001163
TULSA,DUAL LANGUAGE IMMERSION PROG,72,I001,163,72I001163
TULSA,ECDC BUNCHE,72,I001,167,72I001167
TULSA,ECDC PORTER,72,I001,168,72I001168
TULSA,ECDC REED,72,I001,169,72I001169
TULSA,EISENHOWER INTERNATIONAL ES,72,I001,170,72I001170
TULSA,ELIOT ES,72,I001,175,72I001175
TULSA,EMERSON ES,72,I001,180,72I001180
TULSA,EUGENE FIELD ES,72,I001,185,72I001185
TULSA,GILCREASE ES,72,I001,198,72I001198
TULSA,GRIMES ES,72,I001,199,72I001199
TULSA,HAWTHORNE ES,72,I001,200,72I001200
TULSA,HAMILTON ES,72,I001,204,72I001204
TULSA,PATRICK HENRY ES,72,I001,205,72I001205
TULSA,HOOVER ES,72,I001,215,72I001215
TULSA,JACKSON ES,72,I001,230,72I001230
TULSA,JONES ES,72,I001,245,72I001245
TULSA,KENDALL-WHITTIER ES,72,I001,251,72I001251
TULSA,KERR ES,72,I001,252,72I001252
TULSA,KEY ES,72,I001,255,72I001255
TULSA,LANIER ES,72,I001,260,72I001260
TULSA,LEE ES,72,I001,265,72I001265
TULSA,LEWIS AND CLARK ES,72,I001,269,72I001269
TULSA,LINDBERGH ES,72,I001,275,72I001275
TULSA,MACARTHUR ES,72,I001,305,72I001305
TULSA,MARSHALL ES,72,I001,310,72I001310
TULSA,MAYO DEMONSTRATION ES,72,I001,315,72I001315
TULSA,MCCLURE ES,72,I001,320,72I001320
TULSA,MCKINLEY ES,72,I001,325,72I001325
TULSA,MITCHELL ES,72,I001,330,72I001330
TULSA,OWEN ES,72,I001,345,72I001345
TULSA,PARK ES,72,I001,350,72I001350
TULSA,PEARY ES,72,I001,351,72I001351
TULSA,PENN ES,72,I001,355,72I001355
TULSA,REMINGTON ES,72,I001,378,72I001378
TULSA,ROBERTSON ES,72,I001,395,72I001395
TULSA,SALK ES,72,I001,402,72I001402
TULSA,SEQUOYAH ES,72,I001,405,72I001405
TULSA,SKELLY ES,72,I001,410,72I001410
TULSA,SPRINGDALE ES,72,I001,415,72I001415
TULSA,PROJECT ACCEPT TRAICE ES,72,I001,423,72I001423
TULSA,MARK TWAIN ES,72,I001,425,72I001425
TULSA,WHITMAN ES,72,I001,435,72I001435
TULSA,WRIGHT ES,72,I001,444,72I001444
TULSA,DISNEY ES,72,I001,447,72I001447
TULSA,GRISSOM ES,72,I001,449,72I001449
TULSA,CARVER MS,72,I001,515,72I001515
TULSA,CLINTON MS,72,I001,530,72I001530
TULSA,EDISON PREPARATORY MS,72,I001,537,72I001537
TULSA,MONROE DEMONSTRATION MS,72,I001,563,72I001563
TULSA,THOREAU DEMONSTRATION ACADEMY,72,I001,573,72I001573
TULSA,TRAICE MS,72,I001,574,72I001574
TULSA,CENTRAL JHS,72,I001,658,72I001658
TULSA,EAST CENTRAL JHS,72,I001,659,72I001659
TULSA,HALE JHS,72,I001,661,72I001661
TULSA,MCLAIN JHS,72,I001,662,72I001662
TULSA,MEMORIAL JHS,72,I001,663,72I001663
TULSA,WILL ROGERS COLLEGE JHS,72,I001,664,72I001664
TULSA,TULSA MET JHS,72,I001,667,72I001667
TULSA,CENTRAL HS,72,I001,705,72I001705
TULSA,EAST CENTRAL HS,72,I001,710,72I001710
TULSA,THOMAS EDISON PREPARATORY HS,72,I001,712,72I001712
TULSA,NATHAN HALE HS,72,I001,715,72I001715
Tulsa,McLain HS For Sci./Technology,72,I001,720,72I001720
TULSA,MCLAIN HS FOR SCIENCE AND TECH,72,I001,720,72I001720
TULSA,MEMORIAL HS,72,I001,725,72I001725
TULSA,WILL ROGERS COLLEGE HS,72,I001,730,72I001730
TULSA,BOOKER T. WASHINGTON HS,72,I001,735,72I001735
Tulsa,Booker T.Washington HS,72,I001,735,72I001735
TULSA,DANIEL WEBSTER HS,72,I001,740,72I001740
TULSA,TULSA MET HS,72,I001,745,72I001745
TULSA,TRAICE,72,I001,750,72I001750
SAND SPRINGS,SAND SPRINGS EC CTR,72,I002,103,72I002103
SAND SPRINGS,ANGUS VALLEY ES,72,I002,104,72I002104
SAND SPRINGS,NORTHWOODS FINE ARTS ACADEMY,72,I002,105,72I002105
SAND SPRINGS,GARFIELD ES,72,I002,110,72I002110
SAND SPRINGS,LIMESTONE ES,72,I002,120,72I002120
SAND SPRINGS,PRATT ES,72,I002,123,72I002123
SAND SPRINGS,CLYDE BOYD MS,72,I002,520,72I002520
SAND SPRINGS,CENTRAL 9TH GRADE CTR,72,I002,615,72I002615
SAND SPRINGS,CHARLES PAGE HS,72,I002,705,72I002705
BROKEN ARROW,CREEKWOOD EARLY CHILDHOOD CTR,72,I003,100,72I003100
BROKEN ARROW,ARROW SPRINGS EARLY CHILDHOOD,72,I003,103,72I003103
BROKEN ARROW,ASPEN CREEK EC CENTER,72,I003,105,72I003105
BROKEN ARROW,PARKLANE EARLY CHILDHOOD CTR,72,I003,107,72I003107
BROKEN ARROW,RHOADES ES,72,I003,110,72I003110
BROKEN ARROW,ARROWHEAD ES,72,I003,120,72I003120
BROKEN ARROW,VANDEVER ES,72,I003,125,72I003125
BROKEN ARROW,HIGHLAND PARK ES,72,I003,135,72I003135
BROKEN ARROW,LYNN WOOD ES,72,I003,140,72I003140
BROKEN ARROW,LEISURE PARK ES,72,I003,150,72I003150
BROKEN ARROW,SPRING CREEK ES,72,I003,160,72I003160
BROKEN ARROW,WOLF CREEK ES,72,I003,165,72I003165
BROKEN ARROW,COUNTRY LANE PRIMARY ES,72,I003,170,72I003170
BROKEN ARROW,LIBERTY ES,72,I003,175,72I003175
BROKEN ARROW,COUNTRY LANE INTERMEDIATE ES,72,I003,180,72I003180
BROKEN ARROW,CREEKWOOD ES,72,I003,200,72I003200
BROKEN ARROW,ASPEN CREEK ES,72,I003,205,72I003205
Broken Arrow,Oak Crest ES,72,I003,210,72I003210
BROKEN ARROW,OAK CREST ES,72,I003,215,72I003215
BROKEN ARROW,CENTENNIAL MS,72,I003,505,72I003505
BROKEN ARROW,SEQUOYAH MS,72,I003,510,72I003510
BROKEN ARROW,CHILDERS MS,72,I003,520,72I003520
BROKEN ARROW,OLIVER MS,72,I003,525,72I003525
BROKEN ARROW,ONETA RIDGE MS,72,I003,530,72I003530
BROKEN ARROW,BROKEN ARROW FRESHMAN ACADEMY,72,I003,700,72I003700
Broken Arrow,Broken Arrow HS,72,I003,705,72I003705
Broken Arrow,Broken Arrow S Intermediate HS,72,I003,710,72I003710
Broken Arrow,Broken Arrow N Intermediate HS,72,I003,715,72I003715
BROKEN ARROW,BROKEN ARROW HS,72,I003,720,72I003720
BIXBY,CENTRAL ES,72,I004,110,72I004110
BIXBY,BIXBY NORTH ES,72,I004,120,72I004120
BIXBY,NORTH INTERMEDIATE SCHOOL,72,I004,130,72I004130
BIXBY,CENTRAL INTERMEDIATE SCHOOL,72,I004,140,72I004140
BIXBY,NORTHEAST ES AND IS,72,I004,150,72I004150
BIXBY,BIXBY MS,72,I004,505,72I004505
BIXBY,BIXBY HS,72,I004,705,72I004705
JENKS,JENKS EAST ES,72,I005,110,72I005110
JENKS,JENKS WEST ES,72,I005,115,72I005115
JENKS,SOUTHEAST ES,72,I005,120,72I005120
JENKS,JENKS WEST INTERMEDIATE ES,72,I005,125,72I005125
JENKS,JENKS EAST INTERMEDIATE ES,72,I005,130,72I005130
JENKS,JENKS MS,72,I005,505,72I005505
JENKS,JENKS HS,72,I005,705,72I005705
COLLINSVILLE,COLLINSVILLE EC CTR,72,I006,105,72I006105
COLLINSVILLE,WILSON ES,72,I006,115,72I006115
COLLINSVILLE,HERALD ES,72,I006,120,72I006120
COLLINSVILLE,HERALD ES,72,I006,125,72I006125
COLLINSVILLE,COLLINSVILLE UPPER ES,72,I006,130,72I006130
COLLINSVILLE,COLLINSVILLE 6TH GRADE CENTER,72,I006,135,72I006135
COLLINSVILLE,COLLINSVILLE MS,72,I006,500,72I006500
COLLINSVILLE,COLLINSVILLE HS,72,I006,705,72I006705
SKIATOOK,MARRS ES,72,I007,110,72I007110
SKIATOOK,SKIATOOK INTERMEDIATE ES,72,I007,120,72I007120
SKIATOOK,SKIATOOK ES,72,I007,125,72I007125
SKIATOOK,NEWMAN MS,72,I007,505,72I007505
SKIATOOK,SKIATOOK HS,72,I007,705,72I007705
SPERRY,SPERRY ES,72,I008,105,72I008105
SPERRY,SPERRY MS,72,I008,505,72I008505
SPERRY,SPERRY HS,72,I008,705,72I008705
UNION,GROVE ES,72,I009,105,72I009105
UNION,BRIARGLEN ES,72,I009,110,72I009110
UNION,BOEVERS ES,72,I009,115,72I009115
UNION,CLARK ES,72,I009,120,72I009120
UNION,DARNABY ES,72,I009,122,72I009122
UNION,PETERS ES,72,I009,125,72I009125
UNION,ANDERSEN ES,72,I009,130,72I009130
UNION,MCAULIFFE ES,72,I009,135,72I009135
UNION,JARMAN ES,72,I009,140,72I009140
UNION,CEDAR RIDGE ES,72,I009,145,72I009145
UNION,MARSHALL T. MOORE ES,72,I009,150,72I009150
Union,Marshall T.Moore ES,72,I009,150,72I009150
UNION,ROSA PARKS ES,72,I009,155,72I009155
UNION,THOMAS JEFFERSON ES,72,I009,160,72I009160
UNION,UNION 6TH-7TH GRADE CTR,72,I009,510,72I009510
UNION,UNION 8TH GRADE CTR,72,I009,620,72I009620
UNION,UNION HS,72,I009,705,72I009705
UNION,UNION NINTH GRADE CENTER,72,I009,720,72I009720
BERRYHILL,BERRYHILL ES SOUTH,72,I010,105,72I010105
BERRYHILL,BERRYHILL MS,72,I010,510,72I010510
BERRYHILL,BERRYHILL HS,72,I010,705,72I010705
OWASSO,BARNES ES,72,I011,105,72I011105
OWASSO,ATOR ES,72,I011,110,72I011110
OWASSO,MILLS ES,72,I011,115,72I011115
OWASSO,HAYWARD SMITH ES,72,I011,120,72I011120
OWASSO,PAMELA HODSON ES,72,I011,125,72I011125
OWASSO,LARKIN BAILEY ES,72,I011,130,72I011130
OWASSO,NORTHEAST ES,72,I011,135,72I011135
OWASSO,STONE CANYON ES,72,I011,145,72I011145
OWASSO,OWASSO 7TH GRADE CTR,72,I011,510,72I011510
OWASSO,OWASSO 6TH GRADE CTR,72,I011,515,72I011515
OWASSO,OWASSO 8TH GRADE CTR,72,I011,610,72I011610
OWASSO,OWASSO HS,72,I011,715,72I011715
GLENPOOL,GLENPOOL ES,72,I013,105,72I013105
GLENPOOL,GLENPOOL MS,72,I013,505,72I013505
GLENPOOL,GLENPOOL HS,72,I013,705,72I013705
LIBERTY,LIBERTY ES,72,I014,105,72I014105
LIBERTY,LIBERTY HS,72,I014,705,72I014705
OKAY,OKAY ES,73,I001,105,73I001105
OKAY,OKAY HS,73,I001,715,73I001715
COWETA,CENTRAL ES,73,I017,105,73I017105
COWETA,NORTHWEST ES,73,I017,110,73I017110
COWETA,SOUTHSIDE ES,73,I017,115,73I017115
COWETA,MISSION INTERMEDIATE GRD CTR,73,I017,205,73I017205
COWETA,HERITAGE INTERMEDIATE GRD CTR,73,I017,210,73I017210
COWETA,COWETA JHS,73,I017,610,73I017610
COWETA,COWETA HS,73,I017,705,73I017705
COWETA,COWETA INTERMEDIATE HS,73,I017,710,73I017710
WAGONER,WILLIAM R. TEAGUE ES,73,I019,105,73I019105
Wagoner,William R.Teague ES,73,I019,105,73I019105
WAGONER,ELLINGTON ES,73,I019,110,73I019110
WAGONER,CENTRAL INTERMEDIATE ES,73,I019,125,73I019125
WAGONER,WAGONER MS,73,I019,505,73I019505
WAGONER,WAGONER HS,73,I019,710,73I019710
PORTER CONSOLIDATED,PORTER CONSOLIDATED ES,73,I365,105,73I365105
PORTER CONSOLIDATED,PORTER CONSOLIDATED HS,73,I365,720,73I365720
COPAN,COPAN ES,74,I004,105,74I004105
COPAN,COPAN HS,74,I004,720,74I004720
Copan,Copan Virtual,74,I004,999,74i004999
DEWEY,DEWEY ES,74,I007,115,74I007115
DEWEY,DEWEY MS,74,I007,510,74I007510
DEWEY,DEWEY HS,74,I007,705,74I007705
CANEY VALLEY,CANEY VALLEY ES,74,I018,110,74I018110
CANEY VALLEY,CANEY VALLEY MS,74,I018,510,74I018510
CANEY VALLEY,CANEY VALLEY HS,74,I018,705,74I018705
BARTLESVILLE,RICHARD KANE ES,74,I030,110,74I030110
BARTLESVILLE,HOOVER ES,74,I030,120,74I030120
BARTLESVILLE,JANE PHILLIPS ES,74,I030,130,74I030130
BARTLESVILLE,RANCH HEIGHTS ES,74,I030,160,74I030160
BARTLESVILLE,WAYSIDE ES,74,I030,175,74I030175
BARTLESVILLE,WOODROW WILSON ES,74,I030,185,74I030185
BARTLESVILLE,CENTRAL MS,74,I030,505,74I030505
BARTLESVILLE,MADISON MS,74,I030,510,74I030510
BARTLESVILLE,BARTLESVILLE HS,74,I030,705,74I030705
BARTLESVILLE,BARTLESVILLE MHS,74,I030,710,74I030710
SENTINEL,MCMURRAY ES,75,I001,105,75I001105
SENTINEL,BLANCHE THOMAS HS,75,I001,705,75I001705
BURNS FLAT-DILL CITY,WILL ROGERS ES,75,I010,110,75I010110
BURNS FLAT-DILL CITY,BURNS FLAT-DILL CITY HS,75,I010,705,75I010705
CANUTE,CANUTE ES,75,I011,105,75I011105
CANUTE,CANUTE HS,75,I011,705,75I011705
CORDELL,CORDELL ES,75,I078,105,75I078105
CORDELL,CORDELL JHS,75,I078,610,75I078610
CORDELL,CORDELL HS,75,I078,705,75I078705
ALVA,LINCOLN ES,76,I001,105,76I001105
ALVA,LONGFELLOW ES,76,I001,110,76I001110
ALVA,WASHINGTON ES,76,I001,115,76I001115
ALVA,ALVA MS,76,I001,505,76I001505
ALVA,ALVA HS,76,I001,705,76I001705
WAYNOKA,WAYNOKA ES,76,I003,105,76I003105
WAYNOKA,WAYNOKA HS,76,I003,720,76I003720
FREEDOM,FREEDOM ES,76,I006,105,76I006105
FREEDOM,FREEDOM HS,76,I006,705,76I006705
WOODWARD,CEDAR HEIGHTS ES,77,I001,105,77I001105
WOODWARD,HORACE MANN ES,77,I001,115,77I001115
WOODWARD,WOODWARD EC CTR,77,I001,125,77I001125
WOODWARD,HIGHLAND PARK ES,77,I001,130,77I001130
WOODWARD,WOODWARD MS,77,I001,505,77I001505
WOODWARD,WOODWARD HS,77,I001,705,77I001705
MOORELAND,MOORELAND ES,77,I002,105,77I002105
MOORELAND,SENIOR HS,77,I002,715,77I002715
SHARON-MUTUAL,SHARON-MUTUAL ES,77,I003,105,77I003105
SHARON-MUTUAL,SHARON-MUTUAL HS,77,I003,705,77I003705
FORT SUPPLY,FORT SUPPLY ES,77,I005,105,77I005105
FORT SUPPLY,FORT SUPPLY HS,77,I005,705,77I005705